X,frankfurt_urban_multi_radio.MA[0].tcpApp[0]/endToEndDelay:vector
30.702190645606,0.447753
30.893731014895,0.18154
31.085332516879,0.181602
31.280366353939,0.185034
31.471661419947,0.181295
31.670792907717,0.189131
31.86383057795,0.183038
32.056823184102,0.182993
32.252962575534,0.186139
32.445367975334,0.182405
32.639074313653,0.183706
32.82993225945,0.180858
33.029610445054,0.189678
33.228662621998,0.189052
33.422402719678,0.18374
33.621640974698,0.189238
33.824154372741,0.192513
34.021397511991,0.187243
35.249912648744,1.21852
36.821495536673,1.56158
37.138569363622,0.307074
37.343432646913,0.194863
37.550807698371,0.197375
37.750251472472,0.189444
37.946644423345,0.186393
38.14379746657,0.187153
38.336784950394,0.182987
38.526846704144,0.180062
38.717905418953,0.181059
38.9126551498,0.18475
39.113444474535,0.190789
39.308296529957,0.184852
39.499627876238,0.181331
39.689946045317,0.180318
39.881108817857,0.181163
40.072714798824,0.181606
40.263908324806,0.181194
40.453624117538,0.179716
40.643438813012,0.179815
40.833843879805,0.180405
41.025533392287,0.18169
41.219556547833,0.184023
41.409327719664,0.179771
41.60105479601,0.181727
41.791338212737,0.180283
41.983642886988,0.182305
42.185781032083,0.192138
42.376400916719,0.18062
42.568041948895,0.181641
42.758544650423,0.180503
42.948701962568,0.180157
43.138949162979,0.180247
43.330630839231,0.181682
43.521586196416,0.180955
43.711223878502,0.179638
43.902416063985,0.181192
44.092474732489,0.180059
44.28232378272,0.179849
44.472712512371,0.180389
44.663671459057,0.180959
44.853523311705,0.179852
45.044504558325,0.180981
45.235521696006,0.181017
45.425695712682,0.180174
45.615895997416,0.1802
45.806196867746,0.180301
45.998267312043,0.18207
46.188893459634,0.180626
46.379978162029,0.181085
46.571249155065,0.181271
46.761431382751,0.180182
46.951324547509,0.179893
47.141489960365,0.180165
47.332464294965,0.180974
47.522177271963,0.179713
47.712447316175,0.18027
47.902759412529,0.180312
48.095029915706,0.182271
48.28781457141,0.182785
48.477591898189,0.179777
48.668499108618,0.180907
48.858132213551,0.179633
49.049381205286,0.181249
49.239129644442,0.179748
49.429257153238,0.180128
49.619199102219,0.179942
49.810205012307,0.181006
50.000748043848,0.180543
50.191074235133,0.180326
50.381229362403,0.180155
50.571564414551,0.180335
50.761943394141,0.180379
50.952712282568,0.180769
51.142461661588,0.179749
51.333398021653,0.180936
51.524031595289,0.180634
51.715264066152,0.181232
51.905499513353,0.180235
52.096487105506,0.180988
52.286135521381,0.179648
52.475999870429,0.179864
52.666461860515,0.180462
52.857129754507,0.180668
53.046840894213,0.179711
53.23674996586,0.179909
53.426523970574,0.179774
53.616324909536,0.179801
53.808387538299,0.182063
54.000773311501,0.182386
54.1909970755,0.180224
54.381013789155,0.180017
54.571726844079,0.180713
54.762575438564,0.180849
54.952312606783,0.179737
55.14191039223,0.179598
55.332027454597,0.180117
55.52275070414,0.180723
55.713029283906,0.180279
55.903677758553,0.180648
56.094152559108,0.180475
56.284503334152,0.180351
56.474638056697,0.180135
56.666713015115,0.182075
56.856365284855,0.179652
57.045902984282,0.179538
57.236803651961,0.180901
57.426495621894,0.179692
57.616268565221,0.179773
57.806358000002,0.180089
57.996862923067,0.180505
58.186473813995,0.179611
58.376716195661,0.180242
58.566751564265,0.180035
58.756822924616,0.180071
58.946496782975,0.179674
59.136233141125,0.179736
59.326394505779,0.180161
59.515951379479,0.179557
59.706456276146,0.180505
59.896400175587,0.179944
60.086137089336,0.179737
60.275712023807,0.179575
60.465412983429,0.179701
60.655520501588,0.180108
60.845700059272,0.18018
61.035617113825,0.179917
61.225399206002,0.179782
61.415109338616,0.17971
61.604674083662,0.179565
61.794474296076,0.1798
61.984879137011,0.180405
62.176607223827,0.181728
62.367290937795,0.180684
62.557009332063,0.179718
62.746764764284,0.179755
62.937459544012,0.180695
63.127593909529,0.180134
63.317814814128,0.180221
63.508779805768,0.180965
63.698861153061,0.180081
63.888815536671,0.179954
64.078481258521,0.179666
64.270664893907,0.182184
64.461052444424,0.180388
64.650979305369,0.179927
64.842118243761,0.181139
65.032280872525,0.180163
65.222747284787,0.180466
65.41306309129,0.180316
65.603342952813,0.18028
65.793496862753,0.180154
65.983018998304,0.179522
66.172550171676,0.179531
66.363990886165,0.181441
66.554216977129,0.180226
66.743883263003,0.179666
66.93357772548,0.179694
67.123037095392,0.179459
67.313362396079,0.180325
67.503163856701,0.179801
67.692776355923,0.179612
67.882957807274,0.180181
68.072705389954,0.179748
68.263031251219,0.180326
68.453329891729,0.180299
68.642978632858,0.179649
68.834173246513,0.181195
69.025211104673,0.181038
69.2147754261,0.179564
69.405254446355,0.180479
69.595645669667,0.180391
69.78647989411,0.180834
69.977308771003,0.180829
70.167363845056,0.180055
70.357204625883,0.179841
70.547081192031,0.179877
70.736622695672,0.179542
70.926634455295,0.180012
71.116755602782,0.180121
71.306837548464,0.180082
71.497236259926,0.180399
71.68739239522,0.180156
71.8771953626,0.179803
72.067567715442,0.180372
72.258746130244,0.181178
72.449826063232,0.18108
72.641116442143,0.18129
72.832648674913,0.181532
73.02286864566,0.18022
73.213627304509,0.180759
73.403946209632,0.180319
73.596673563669,0.182727
73.787274527899,0.180601
73.97778825069,0.180514
74.168401566934,0.180613
74.359158479261,0.180757
74.54934353702,0.180185
74.740101027335,0.180757
74.92997166487,0.179871
75.120446761038,0.180475
75.311820537211,0.181374
75.502380553617,0.18056
75.691987672525,0.179607
75.884193550932,0.182206
76.074489718444,0.180296
76.264240853231,0.179751
76.466831194123,0.19259
76.657712866397,0.180882
76.850546653526,0.182834
77.04351823402,0.182972
77.233904357157,0.180386
77.424125360234,0.180221
77.614437411395,0.180312
77.80596593477,0.181529
77.997334743591,0.181369
78.186979475223,0.179645
78.379105598874,0.182126
78.573262867513,0.184157
78.765828897711,0.182566
78.957769804134,0.181941
79.147304363688,0.179535
79.337072785145,0.179768
79.526661068964,0.179588
79.716824214974,0.180163
79.907278240479,0.180454
80.096938137084,0.17966
80.286291930938,0.179354
80.479027887778,0.182736
80.669285245289,0.180257
80.859786414139,0.180501
81.050165958007,0.18038
81.239726084503,0.17956
81.42987336448,0.180147
81.619640223175,0.179767
81.809598963448,0.179959
81.999763762802,0.180165
82.189559436347,0.179796
82.379298824743,0.179739
82.569760182516,0.180461
82.76110057134,0.18134
82.951055564902,0.179955
83.141001429442,0.179946
83.330731165687,0.17973
83.521130651317,0.180399
83.711391119759,0.18026
83.901048469942,0.179657
84.091103982277,0.180056
84.281283965226,0.18018
84.471562817783,0.180279
84.662204271907,0.180641
84.85314428688,0.18094
85.043088972915,0.179945
85.233404227825,0.180315
85.423308000334,0.179904
85.612973361782,0.179665
85.804013225872,0.18104
85.994578132906,0.180565
86.18447881637,0.179901
86.374739393591,0.180261
86.564972863458,0.180233
86.755396738149,0.180424
86.945142536,0.179746
87.134913308479,0.179771
87.324505993905,0.179593
87.515469531315,0.180964
87.706244023708,0.180774
87.896942618667,0.180699
88.087726024292,0.180783
88.277336601898,0.179611
88.468446185992,0.18111
88.658056789154,0.179611
88.848678306197,0.180622
89.039704862086,0.181027
89.229974057649,0.180269
89.419742346334,0.179768
89.610033364584,0.180291
89.800599816148,0.180566
89.990305075713,0.179705
90.180401148449,0.180096
90.370643876932,0.180243
90.561305725647,0.180662
90.750835882846,0.17953
90.940456344327,0.17962
91.130770682812,0.180314
91.32143937321,0.180669
91.511682904723,0.180244
91.703351659248,0.181669
91.893288316787,0.179937
92.083505233756,0.180217
92.273405461711,0.1799
92.462909091477,0.179504
92.652563143951,0.179654
92.842229756366,0.179667
93.032135210009,0.179905
93.222535083171,0.1804
93.414445188155,0.18191
93.604791540579,0.180346
93.794559656642,0.179768
93.984191010981,0.179631
94.174364620574,0.180174
94.365143676825,0.180779
94.557196955566,0.182053
94.747535791126,0.180339
94.937640763779,0.180105
95.127446567606,0.179806
95.317190254887,0.179744
95.507645642054,0.180455
95.697901553424,0.180256
95.888178738694,0.180277
96.07999284143,0.181814
96.274443633121,0.184451
96.464809650592,0.180366
96.655427809016,0.180618
96.846299269063,0.180871
97.037270332956,0.180971
97.228226938276,0.180957
97.420495797382,0.182269
97.611613412406,0.181118
97.801728477939,0.180115
97.992417388449,0.180689
98.182803257189,0.180386
98.375787409299,0.182984
98.567785762564,0.181998
98.762586067984,0.1848
98.955429757035,0.182844
99.145697651649,0.180268
99.336147848235,0.18045
99.531033247025,0.184885
99.723398556439,0.182365
99.915440268418,0.182042
100.106788367732,0.181348
100.302983868981,0.186196
100.510665046102,0.197681
100.709478438316,0.188813
100.903599388387,0.184121
101.097020957693,0.183422
101.291866493728,0.184846
101.507504233848,0.205638
101.790530123033,0.273026
101.995024319537,0.194494
102.214612956925,0.209589
102.464644193719,0.240031
102.670717759183,0.196074
102.870999234449,0.190281
103.068727263035,0.187728
103.276550171651,0.197823
103.482044239459,0.195494
104.797132301,1.30509
105.090992355705,0.28386
105.252933658381,0.151941
105.413022196341,0.150089
105.570563799224,0.147542
105.723981098899,0.143417
105.875444143741,0.141463
106.026743504311,0.141299
106.177379191916,0.140636
106.331749936982,0.144371
106.48352862911,0.141779
106.635320890101,0.141792
106.785910362977,0.140589
106.938662766584,0.142752
107.088329738667,0.139667
107.237813588221,0.139484
107.387983334075,0.14017
107.538987848895,0.141005
107.689495203539,0.140507
107.838951600728,0.139456
107.989345609883,0.140394
108.142691567766,0.143346
108.293723935109,0.141032
108.443314872443,0.139591
108.593629923637,0.140315
108.743973223149,0.140343
108.896166742141,0.142194
109.045469374321,0.139303
109.19487100362,0.139402
109.345239075269,0.140368
109.495075007243,0.139836
109.644404330627,0.139329
109.79454029268,0.140136
109.944583407644,0.140043
110.095042218441,0.140459
110.2453165088,0.140274
110.396262042214,0.140946
110.546196074782,0.139934
110.697128563109,0.140932
110.846855339183,0.139727
110.996950979356,0.140096
111.147341289698,0.14039
111.297189830002,0.139849
111.447150099166,0.13996
111.596730089921,0.13958
111.747985365015,0.141255
111.899519441476,0.141534
112.049836410122,0.140317
112.201786172129,0.14195
112.35129367701,0.139508
112.501865476108,0.140572
112.651242206189,0.139377
112.8011422459,0.1399
112.951047325938,0.139905
113.101769355829,0.140722
113.252269111932,0.1405
113.401816128193,0.139547
113.551774775681,0.139959
113.701544292346,0.13977
113.85142173461,0.139877
114.001813836632,0.140392
114.151005310161,0.139191
114.300431449331,0.139426
114.450218509258,0.139787
114.599751763597,0.139533
114.749808662709,0.140057
114.899197500739,0.139389
115.048775597318,0.139578
115.198633317373,0.139858
115.347923328201,0.13929
115.498042943999,0.14012
115.647892522019,0.13985
115.797398435673,0.139506
115.947174949372,0.139777
116.097981671827,0.140807
116.247262530427,0.139281
116.397549228421,0.140287
116.547101685479,0.139552
116.69650343489,0.139402
116.846343900907,0.13984
116.996157381701,0.139813
117.14664749975,0.14049
117.296632027207,0.139985
117.446200955287,0.139569
117.596284552821,0.140084
117.745875488307,0.139591
117.895318519918,0.139443
118.044626594397,0.139308
118.194504066715,0.139877
118.34465092691,0.140147
118.495193149836,0.140542
118.645564148069,0.140371
118.796481951927,0.140918
118.947562849883,0.141081
119.096799320553,0.139236
119.246901639038,0.140102
119.39632233088,0.139421
119.548813088205,0.142491
119.699378361032,0.140565
119.850048726717,0.14067
120.000088502707,0.14004
120.149316474441,0.139228
120.298598515519,0.139282
120.44930546283,0.140707
120.599264571189,0.139959
120.748735108637,0.139471
120.898559569214,0.139824
121.048328123067,0.139769
121.199258606472,0.14093
121.348622119042,0.139364
121.498528437748,0.139906
121.650407310936,0.141879
121.800050093926,0.139643
121.950186877908,0.140137
122.099847731631,0.139661
122.249780781274,0.139933
122.399117776007,0.139337
122.548652842179,0.139535
122.698469165554,0.139816
122.848206877265,0.139738
122.998032383208,0.139826
123.14797497504,0.139943
123.297818665793,0.139844
123.448258714772,0.14044
123.597506293415,0.139248
123.74705094281,0.139545
123.897002994403,0.139952
124.046511786988,0.139509
124.19610165193,0.13959
124.346242968877,0.140141
124.496249383532,0.140006
124.6461658843,0.139917
124.795526762632,0.139361
124.945326449024,0.1398
125.095452713057,0.140126
125.246256583783,0.140804
125.395577037278,0.13932
125.545557089937,0.13998
125.695021689677,0.139465
125.846754679861,0.141733
125.996474415332,0.13972
126.145894237745,0.13942
126.295712760136,0.139819
126.445927370355,0.140215
126.596261743795,0.140334
126.746667542952,0.140406
126.897799144332,0.141132
127.047884420776,0.140085
127.198185772052,0.140301
127.348619192901,0.140433
127.498366456641,0.139747
127.648530017151,0.140164
127.799451737441,0.140922
127.951381259506,0.14193
128.104147500119,0.142766
128.253352344798,0.139205
128.404512027257,0.14116
128.555511800703,0.141
128.705022882891,0.139511
128.85669964098,0.141677
129.007307826325,0.140608
129.158755939726,0.141448
129.310287093042,0.141531
129.45977153135,0.139484
129.609327368439,0.139556
129.759854262529,0.140527
129.911112249678,0.141258
130.062500067278,0.141388
130.214542407034,0.142042
130.368320254072,0.143778
130.519505919007,0.141186
130.674458139336,0.144952
130.824852920394,0.140395
130.97543352771,0.140581
131.126780014158,0.141346
131.284270977011,0.147491
131.433734934416,0.139464
131.585100235873,0.141365
131.74067423951,0.145574
131.891854492073,0.14118
132.046016482187,0.144162
132.199619604757,0.143603
132.351050274631,0.141431
132.50491220115,0.143862
132.658252214302,0.14334
132.832912860263,0.164661
133.004950079291,0.162037
133.160643611068,0.145694
133.331998708434,0.161355
133.484160405456,0.142162
133.634452172022,0.140292
133.794064149942,0.149612
133.948556163178,0.144492
134.104437437442,0.145881
134.259622360596,0.145185
134.410476205675,0.140854
134.599264239453,0.178788
134.753777234247,0.144513
135.974745545848,1.21097
136.298124085264,0.313379
136.480473202788,0.172349
136.666124920315,0.175652
137.976423184548,1.3003
141.536113164726,3.54969
141.839744040666,0.293631
142.071712468956,0.221968
142.235383520012,0.153671
142.396668460629,0.151285
142.562802889666,0.156134
142.721848995295,0.149046
142.872120850514,0.140272
143.028083154197,0.145962
143.180541891452,0.142459
143.336003148144,0.145461
143.490561038668,0.144558
143.64212240568,0.141561
143.81944759591,0.167325
144.038974562522,0.209527
144.20428273226,0.155308
144.365343370032,0.151061
144.521466268439,0.146123
144.673949726731,0.142483
144.828437757984,0.144488
144.981659122424,0.143221
145.134734991163,0.143076
145.28452076098,0.139786
145.43633688218,0.141816
145.673079123235,0.226742
145.834775826974,0.151697
145.995606390223,0.150831
146.153219523264,0.147613
146.308151354896,0.144932
146.459072349127,0.140921
146.609491275297,0.140419
146.759059231222,0.139568
146.908318082548,0.139259
147.058513148486,0.140195
147.208730110273,0.140217
147.361395161743,0.142665
147.512248244209,0.140853
147.661776700055,0.139528
147.811784792796,0.140008
147.962034087002,0.140249
148.112233986576,0.1402
148.261834111298,0.1396
148.412239726773,0.140406
148.562292686961,0.140053
148.712053544801,0.139761
148.861347341271,0.139294
149.011953611979,0.140606
149.162584370538,0.140631
149.31376084749,0.141176
149.464017527781,0.140257
149.613817392559,0.1398
149.76654859083,0.142731
149.917679981859,0.141131
150.068225571707,0.140546
150.218846449633,0.140621
150.368223438537,0.139377
150.520737202578,0.142514
150.672216723601,0.14148
150.822136557425,0.13992
150.972048731326,0.139912
151.123059912269,0.141011
151.273331673771,0.140272
151.423130351924,0.139799
151.573324193192,0.140194
151.725719771089,0.142396
151.875269447614,0.13955
152.025853765182,0.140584
152.176150966608,0.140297
152.325685942974,0.139535
152.47574585295,0.14006
152.628854236496,0.143108
152.778154992074,0.139301
152.927455683184,0.139301
153.076958653213,0.139503
153.226367205559,0.139409
153.377364366659,0.140997
153.527685041101,0.140321
153.678745206028,0.14106
153.828434463532,0.139689
153.980510483627,0.142076
154.130053639693,0.139543
154.279480647621,0.139427
154.428996679282,0.139516
154.581167048781,0.14217
154.731179840128,0.140013
154.881067139367,0.139887
155.032130638095,0.141063
155.182469042264,0.140338
155.331948733143,0.13948
155.481329368941,0.139381
155.630805042874,0.139476
155.780149584748,0.139345
155.93135594359,0.141206
156.081017830573,0.139662
156.230659256837,0.139641
156.380201645986,0.139542
156.530610492744,0.140409
156.68046055259,0.13985
156.830070873105,0.13961
156.98008187641,0.140011
157.130428566527,0.140347
157.280386511522,0.139958
157.430281435151,0.139895
157.579580634181,0.139299
157.730045917779,0.140465
157.880026066508,0.13998
158.03010990907,0.140084
158.179633736041,0.139524
158.331329549542,0.141696
158.480826670674,0.139497
158.630341785015,0.139515
158.780693890061,0.140352
158.93029899406,0.139605
159.080193769418,0.139895
159.229483869607,0.13929
159.379603644712,0.14012
159.529462423104,0.139859
159.678968534388,0.139506
159.828471283597,0.139503
159.980723462458,0.142252
160.130627290365,0.139904
160.280629691035,0.140002
160.430072864116,0.139443
160.579489055628,0.139416
160.729644964811,0.140156
160.879124191662,0.139479
161.029326863105,0.140203
161.17878813776,0.139461
161.328398452481,0.13961
161.478239507827,0.139841
161.628433852569,0.140194
161.777850231994,0.139416
161.927158638259,0.139308
162.076990462587,0.139832
162.228628466614,0.141638
162.379436297121,0.140808
162.528951831511,0.139516
162.678467403457,0.139516
162.828281807185,0.139814
162.977797451742,0.139516
163.12735854512,0.139561
163.278099731037,0.140741
163.42793232535,0.139833
163.577497261437,0.139565
163.728625197265,0.141128
163.877727082143,0.139102
164.027657877539,0.139931
164.177733741708,0.140076
164.327324746185,0.139591
164.479355467204,0.142031
164.628961569383,0.139606
164.778821659575,0.13986
164.928292854666,0.139471
165.078252877172,0.13996
165.227535167574,0.139282
165.376808510509,0.139273
165.526324898511,0.139516
165.676691361181,0.140366
165.826443867452,0.139753
165.975618409428,0.139175
166.124891996497,0.139274
166.27507346663,0.140181
166.42446414739,0.139391
166.576268112972,0.141804
166.725706872717,0.139439
166.875270791297,0.139564
167.025266757883,0.139996
167.174671071222,0.139404
167.324550149132,0.139879
167.475031416593,0.140481
167.626066905803,0.141035
167.775727989363,0.139661
167.925155114668,0.139427
168.074836483328,0.139681
168.224254700338,0.139418
168.373945184047,0.13969
168.523318493351,0.139373
168.673509852993,0.140191
168.823641503463,0.140132
168.973478956875,0.139837
169.123115724747,0.139637
169.274293469763,0.141178
169.424317355899,0.140024
169.574008309343,0.139691
169.723981538538,0.139973
169.873220276626,0.139239
170.022810058763,0.13959
170.17274425183,0.139934
170.322235130495,0.139491
170.47247782747,0.140243
170.621851803216,0.139374
170.771182239155,0.13933
170.922004711801,0.140822
171.072128270195,0.140124
171.223105323155,0.140977
171.373635007079,0.14053
171.524231745328,0.140597
171.67442806448,0.140196
171.825783928827,0.141356
171.976326363815,0.140542
172.126207354572,0.139881
172.275572884589,0.139366
172.425181461073,0.139609
172.57849144701,0.14331
172.729807691782,0.141316
172.879805624421,0.139998
173.029878404875,0.140073
173.179849849937,0.139971
173.328999732624,0.13915
173.478979296903,0.13998
173.628915273491,0.139936
173.778607974836,0.139693
173.930360400848,0.141752
174.081670213585,0.14131
174.233047517622,0.141377
174.383019476584,0.139972
174.538190814976,0.145171
174.687679185688,0.139488
174.838657560542,0.140978
174.990228014496,0.14157
175.140804520306,0.140577
175.293148447534,0.142344
175.444063856452,0.140915
175.594037519243,0.139974
175.74470131089,0.140664
175.894194078668,0.139493
176.045577609353,0.141384
176.194998482339,0.139421
176.351155347697,0.146157
176.502243129926,0.141088
176.65191916187,0.139676
176.802128859332,0.14021
176.951504997369,0.139376
177.101633201905,0.140128
177.250955446312,0.139322
177.401217757262,0.140262
177.551952091748,0.140734
177.701374502106,0.139422
177.85210426731,0.14073
178.003236792293,0.141133
178.152606394416,0.13937
178.302273081159,0.139667
178.452341772062,0.140069
178.607366592753,0.145025
178.759158734341,0.141792
178.910080571374,0.140922
179.059583457491,0.139503
179.210236545915,0.140653
179.363078983631,0.142842
179.517875853693,0.144797
179.671481138304,0.143605
179.822650305144,0.141169
179.974565422229,0.141915
180.135345072181,0.15078
180.28940269449,0.144058
180.446914288299,0.147512
180.602877260613,0.145963
180.756866751442,0.143989
180.908682894603,0.141816
181.065821965745,0.147139
181.218133372609,0.142311
181.370623700453,0.14249
181.521607807582,0.140984
181.691694625677,0.160087
181.845529503999,0.143835
182.004441679557,0.148912
182.155312055748,0.14087
182.309723506833,0.144411
182.478527047565,0.158804
182.635933682209,0.147407
182.795047248566,0.149114
182.964204903451,0.159158
183.115014561702,0.14081
183.26780291344,0.142788
183.424534358271,0.146731
183.5894346488,0.1549
183.743894732733,0.14446
183.898658336271,0.144764
184.052590853092,0.143933
184.204951876391,0.142361
184.358170812571,0.143219
184.536279180886,0.168108
184.782280182179,0.236001
185.063366090965,0.271086
185.306148407044,0.232782
186.532387763375,1.21624
186.80391712731,0.261529
186.99677306455,0.182856
187.251612484799,0.244839
187.513272546569,0.25166
187.792433939363,0.269161
188.264563471906,0.46213
188.518868186586,0.244305
188.687478176162,0.15861
188.87369367023,0.176215
189.049334843227,0.165641
189.2121664372,0.152832
189.380913007859,0.158747
189.533031062706,0.142118
189.720621640159,0.177591
189.956514205197,0.225893
190.119275334142,0.152761
190.297025851032,0.167751
190.45717374882,0.150148
190.617204579902,0.150031
190.771900493628,0.144696
190.930485321492,0.148585
191.082431958417,0.141947
191.235054381256,0.142622
191.39748395124,0.15243
191.580598486223,0.173115
191.802005732924,0.211407
191.969290907778,0.157285
192.137162672863,0.157872
192.315147689221,0.167985
192.469641983748,0.144494
192.622658892384,0.143017
192.775268998096,0.14261
192.925918576672,0.14065
193.081482814506,0.145564
193.231944285262,0.140461
193.38288077653,0.140936
193.536375707873,0.143495
193.687909475403,0.141534
193.838840738023,0.140931
193.992409779689,0.143569
194.141741640924,0.139332
194.292545766011,0.140804
194.442111519622,0.139566
194.592509510943,0.140398
194.743510221192,0.141001
194.897052062489,0.143542
195.050533033081,0.143481
195.201446571317,0.140914
195.353010014024,0.141563
195.507226112419,0.144216
195.656620437592,0.139394
195.812386998668,0.145767
195.961808217094,0.139421
196.11185436356,0.140046
196.26677012701,0.144916
196.419537227505,0.142767
196.569814413837,0.140277
196.722032634037,0.142218
196.873097399839,0.141065
197.024537958821,0.141441
197.176525573364,0.141988
197.327630245046,0.141105
197.477951911444,0.140322
197.62963933465,0.141687
197.780253470505,0.140614
197.932271548866,0.142018
198.083108781668,0.140837
198.233017939111,0.139909
198.383559755869,0.140542
198.533856780353,0.140297
198.685866729582,0.14201
198.835694930688,0.139828
198.985432747367,0.139738
199.13494283372,0.13951
199.284979862801,0.140037
199.43456485216,0.139585
199.583984775276,0.13942
199.734301278897,0.140317
199.884401999125,0.140101
200.036445955848,0.142044
200.187354820159,0.140909
200.338394618762,0.14104
200.488899325292,0.140505
200.639301979267,0.140403
200.789138004695,0.139836
200.940076973162,0.140939
201.089915369974,0.139838
201.242372695577,0.142457
201.391563749747,0.139191
201.541046451584,0.139483
201.691253528648,0.140207
201.841447645703,0.140194
201.991328147927,0.139881
202.141542689979,0.140215
202.294477026515,0.142934
202.444231338147,0.139754
202.593695589306,0.139464
202.744252412375,0.140557
202.894456656013,0.140204
203.046713038627,0.142256
203.19741033803,0.140697
203.34760526218,0.140195
203.498851714201,0.141246
203.649661229097,0.14081
203.799385973809,0.139725
203.949112641444,0.139727
204.100160973461,0.141048
204.249808102706,0.139647
204.399741574633,0.139933
204.549232987027,0.139491
204.698561144341,0.139328
204.848846608818,0.140285
204.999312989373,0.140466
205.149106349573,0.139793
205.298646736883,0.13954
205.447875651638,0.139229
205.597792937843,0.139917
205.749045984471,0.141253
205.899282061571,0.140236
206.048573797788,0.139292
206.197676483834,0.139103
206.349561068056,0.141885
206.499529698628,0.139969
206.649507271254,0.139978
206.798843757756,0.139336
206.9484681947,0.139624
207.098020582289,0.139552
207.247365920751,0.139345
207.396954210259,0.139588
207.54649145093,0.139537
207.695971642891,0.13948
207.845930724286,0.139959
207.996510972646,0.14058
208.146244933305,0.139734
208.295688932402,0.139444
208.446035664043,0.140347
208.596083450388,0.140048
208.745818307498,0.139735
208.895140267512,0.139322
209.04462903096,0.139489
209.193986874492,0.139358
209.344149829134,0.140163
209.494285745752,0.140136
209.644091122504,0.139805
209.794076438867,0.139985
209.943294928652,0.139218
210.094451184393,0.141156
210.244175337883,0.139724
210.396256383252,0.142081
210.545816697357,0.13956
210.696132260989,0.140316
210.846231492959,0.140099
210.996135381336,0.139904
211.146398533954,0.140263
211.295737622231,0.139339
211.44574036827,0.140003
211.595697070363,0.139957
211.745195723109,0.139499
211.89523168784,0.140036
212.044710616988,0.139479
212.196300606712,0.14159
212.34645027316,0.14015
212.499140347897,0.14269
212.64997579336,0.140835
212.799481555991,0.139506
212.949890455814,0.140409
213.099973731171,0.140083
213.25035224806,0.140379
213.399506890918,0.139155
213.549356259857,0.139849
213.699518139291,0.140162
213.848987702014,0.13947
214.000260238533,0.141273
214.149815570989,0.139555
214.299727586693,0.139912
214.449820902435,0.140093
214.600129382087,0.140308
214.749571817814,0.139442
214.899068236826,0.139496
215.048515430492,0.139447
215.198002820392,0.139487
215.347445197928,0.139442
215.497898003723,0.140453
215.647773850003,0.139876
215.797793685704,0.14002
215.947142350367,0.139349
216.096893711177,0.139751
216.246498046326,0.139604
216.395994379811,0.139496
216.545951195783,0.139957
216.695968930741,0.140018
216.845641035702,0.139672
216.996085324864,0.140444
217.145599649198,0.139514
217.295537452015,0.139938
217.445511258738,0.139974
217.594899596149,0.139388
217.744125946002,0.139226
217.893694309701,0.139568
218.043356092247,0.139662
218.192969488068,0.139613
218.342411902019,0.139442
218.492880843351,0.140469
218.64246729766,0.139586
218.793935848696,0.141469
218.943351348369,0.139415
219.094020403299,0.140669
219.243860609089,0.13984
219.393582183915,0.139722
219.543566329624,0.139984
219.693235505505,0.139669
219.842831153511,0.139596
219.993511540307,0.14068
220.14307125153,0.13956
220.292785582541,0.139714
220.442255361986,0.13947
220.592651780167,0.140396
220.742853849955,0.140202
220.892359737395,0.139506
221.042687918069,0.140328
221.193043162022,0.140355
221.343720104559,0.140677
221.493244145227,0.139524
221.642868892383,0.139625
221.792249693344,0.139381
221.942452228891,0.140203
222.093508074018,0.141056
222.245950442095,0.142442
222.395854451077,0.139904
222.546237238828,0.140383
222.697925119986,0.141688
222.847568287198,0.139643
222.997463287922,0.139895
223.147223565365,0.13976
223.296756894958,0.139533
223.446539103759,0.139782
223.596415546308,0.139876
223.746915867333,0.1405
223.896318715432,0.139403
224.045528493124,0.13921
224.195449157796,0.139921
224.344947028581,0.139498
224.494806825852,0.13986
224.644964565611,0.140158
224.794851480973,0.139887
224.944783451971,0.139932
225.09431277009,0.139529
225.244575225209,0.140262
225.396892921113,0.142318
225.547903091924,0.14101
225.697230393036,0.139327
225.846692742883,0.139462
225.996317141716,0.139624
226.14550958959,0.139192
226.294999086722,0.139489
226.444704633506,0.139706
226.594177945563,0.139473
226.744427707095,0.14025
226.894097403325,0.13967
227.04360637801,0.139509
227.193132174179,0.139526
227.343645128337,0.140513
227.493659149532,0.140014
227.642924096717,0.139265
227.793407244106,0.140483
227.942737772122,0.139331
228.093078220749,0.14034
228.242586370363,0.139508
228.39207657062,0.13949
228.542654030384,0.140577
228.693951549557,0.141298
228.845327604828,0.141376
228.997644873748,0.142317
229.147081328777,0.139436
229.297792058765,0.140711
229.449055186764,0.141263
229.598455795732,0.139401
229.748155767074,0.1397
229.897787066451,0.139631
230.047883166903,0.140096
230.198276336318,0.140393
230.347605203326,0.139329
230.497204122109,0.139599
230.6468717815,0.139668
230.796308804197,0.139437
230.945763878814,0.139455
231.09544643739,0.139683
231.245318056944,0.139872
231.39453928794,0.139221
231.546237971116,0.141699
231.697802790992,0.141565
231.847213179293,0.13941
231.996659620207,0.139446
232.146444113767,0.139784
232.295839651267,0.139396
232.447309250078,0.14147
232.596665901592,0.139357
232.748501321636,0.141835
232.897786078701,0.139285
233.047901888604,0.140116
233.197995751178,0.140094
233.348655291362,0.14066
233.499088893419,0.140434
233.650012217424,0.140923
233.800247633937,0.140235
233.951815439068,0.141568
234.102866023727,0.141051
234.255096665777,0.142231
234.405287409633,0.140191
234.556385211181,0.141098
234.706917617588,0.140532
234.858428974776,0.141511
235.008080563137,0.139652
235.161015900167,0.142935
235.310697519867,0.139682
235.460570990426,0.139873
235.611543771623,0.140973
235.76065853831,0.139115
235.909854371806,0.139196
236.060853245351,0.140999
236.21445559582,0.143602
236.368631832888,0.144176
236.520817871595,0.142186
236.670852894839,0.140035
236.821788984851,0.140936
236.971708150618,0.139919
237.121645374593,0.139937
237.272196141201,0.140551
237.423891501257,0.141695
237.577507942444,0.143616
237.727076409867,0.139568
237.882565135584,0.145489
238.034935805075,0.142371
238.18575244695,0.140817
238.340466547225,0.144714
238.492260366297,0.141794
238.642482169708,0.140222
238.796500600346,0.144018
238.949035758742,0.142535
239.101462878929,0.142427
239.252155048768,0.140692
239.403651135633,0.141496
239.55873679602,0.145086
239.718677556352,0.149941
239.869078791978,0.140401
240.01836908614,0.13929
240.175096679577,0.146728
240.336832497773,0.151736
240.488782485345,0.14195
240.639262305317,0.14048
240.790788755736,0.141526
240.942106388256,0.141318
241.094244763274,0.142138
241.246377350676,0.142133
241.399836486058,0.143459
241.550650791009,0.140814
241.702982047959,0.142331
241.854881857863,0.1419
242.00923466599,0.144353
242.161361406347,0.142127
242.313594368133,0.142233
242.463353603988,0.139759
242.616306172501,0.142953
242.767113481795,0.140807
242.916875998658,0.139763
243.070386367359,0.14351
243.221218746779,0.140832
243.37377599611,0.142557
243.524945349969,0.141169
243.674928230771,0.139983
243.826604403568,0.141676
243.977213529936,0.140609
244.129549897681,0.142336
244.279135061916,0.139585
244.429728380208,0.140593
244.58225249796,0.142524
244.732969567832,0.140717
244.883210458352,0.140241
245.033691474699,0.140481
245.18628513145,0.142594
245.337003103889,0.140718
245.487545753771,0.140543
245.637415680108,0.13987
245.786952585728,0.139537
245.938549485931,0.141597
246.089861010904,0.141312
246.240298868557,0.140438
246.392487304944,0.142188
246.545545929438,0.143059
246.696176330946,0.14063
246.847361138131,0.141185
246.998461937071,0.141101
247.14814272401,0.139681
247.299773279713,0.141631
247.450467598811,0.140694
247.600292346664,0.139825
247.749955080855,0.139663
247.900861560744,0.140906
248.051389262073,0.140528
248.202336944036,0.140948
248.353489347553,0.141152
248.504996486264,0.141507
248.655858855367,0.140862
248.806405817109,0.140547
248.957930822295,0.141525
249.107953410239,0.140023
249.258847667019,0.140894
249.409441892846,0.140594
249.562681507662,0.14324
249.713264659933,0.140583
249.863246443942,0.139982
250.012679800826,0.139433
250.162441175742,0.139761
250.312418514129,0.139977
250.464684497809,0.142266
250.615436724839,0.140752
250.766670284715,0.141234
250.916485500261,0.139815
251.067447582065,0.140962
251.217951983687,0.140504
251.369408324588,0.141456
251.519367407706,0.139959
251.669788065207,0.140421
251.819726450326,0.139938
251.970536596518,0.14081
252.12019209985,0.139656
252.270660134288,0.140468
252.421137119231,0.140477
252.571886230238,0.140749
252.722245033934,0.140359
252.873035800936,0.140791
253.023949699396,0.140914
253.174913910578,0.140964
253.326330591418,0.141417
253.477663804799,0.141333
253.629807898872,0.142144
253.779410986121,0.139603
253.932645947505,0.143235
254.08248745509,0.139842
254.234650849859,0.142163
254.384710743537,0.14006
254.535884329213,0.141174
254.686681148072,0.140797
254.836585507383,0.139904
254.986057835206,0.139472
255.135840841355,0.139783
255.286325919842,0.140485
255.436344250862,0.140018
255.586539471175,0.140195
255.736416666788,0.139877
255.886898205826,0.140482
256.036465007885,0.139567
256.187066490586,0.140601
256.336853577893,0.139787
256.488099003147,0.141245
256.638670762108,0.140572
256.78829584367,0.139625
256.938405889464,0.14011
257.088627392331,0.140222
257.238126522233,0.139499
257.389572647684,0.141446
257.540194481842,0.140622
257.690493605732,0.140299
257.840334732174,0.139841
257.991150423964,0.140816
258.14091055713,0.13976
258.290949694475,0.140039
258.441378208418,0.140429
258.59148741298,0.140109
258.742906318026,0.141419
258.892648480867,0.139742
259.043286409697,0.140638
259.194086353117,0.1408
259.344633542338,0.140547
259.494366741427,0.139733
259.644408339297,0.140042
259.794539952099,0.140132
259.944192184643,0.139652
260.094377827576,0.140186
260.244044778906,0.139667
260.39459285912,0.140548
260.545464899343,0.140872
260.695252198435,0.139787
260.8460483379,0.140796
260.996269083818,0.140221
261.149199694545,0.142931
261.299340483231,0.140141
261.450012747166,0.140672
261.601682582801,0.14167
261.752715434659,0.141033
261.90542964949,0.142714
262.057580994834,0.142151
262.207224919234,0.139644
262.35660740724,0.139382
262.506739384084,0.140132
262.658850852296,0.142111
262.80859340654,0.139743
262.959355454557,0.140762
263.110181492432,0.140826
263.261447890072,0.141266
263.413128020826,0.14168
263.564801680263,0.141674
263.715720876727,0.140919
263.865790094982,0.140069
264.018048911044,0.142259
264.167846190271,0.139797
264.318548328245,0.140702
264.468961533243,0.140413
264.619817916042,0.140856
264.770018775657,0.140201
264.919518666274,0.1395
265.069303618806,0.139785
265.219735563766,0.140432
265.369532531729,0.139797
265.519302099385,0.13977
265.669671306667,0.140369
265.820829964358,0.141159
265.972688897767,0.141859
266.123319623865,0.140631
266.27299077263,0.139671
266.423726380296,0.140736
266.57577858975,0.142052
266.725940827452,0.140162
266.879321024266,0.14338
267.030273326174,0.140952
267.179990326387,0.139717
267.329958690521,0.139968
267.479935200258,0.139977
267.630104322106,0.140169
267.782144490771,0.14204
267.932780580884,0.140636
268.084090553618,0.14131
268.234735842746,0.140645
268.385083126726,0.140347
268.535800951475,0.140718
268.688851394255,0.14305
268.839055850325,0.140204
268.990456356186,0.141401
269.141168728618,0.140712
269.291163148522,0.139994
269.442607202564,0.141444
269.593297178468,0.14069
269.748429981857,0.145133
269.898752931254,0.140323
270.049701755859,0.140949
270.201149639134,0.141448
270.352331854089,0.141182
270.504641251223,0.142309
270.657369048213,0.142728
270.810218883886,0.14285
270.961962878617,0.141744
271.111811279273,0.139848
271.265283545259,0.143472
271.417189729745,0.141906
271.571289817209,0.1441
271.722945178389,0.141655
271.875225595193,0.14228
272.02473609509,0.13951
272.175316611225,0.140581
272.325541184202,0.140225
272.475720800604,0.14018
272.626879460614,0.141159
272.780151164548,0.143272
272.931014759317,0.140864
273.080459870017,0.139445
273.232268686387,0.141809
273.382261551892,0.139993
273.533615266902,0.141354
273.686778090725,0.143163
273.83723904336,0.140461
273.988859128713,0.14162
274.146430119131,0.147571
274.297254194971,0.140824
274.452945781968,0.145692
274.60391295402,0.140967
274.759684441104,0.145771
274.909603699047,0.139919
275.061497194488,0.141893
275.21385353876,0.142356
275.366910642351,0.143057
275.519948462249,0.143038
275.671990410249,0.142042
275.82350566957,0.141515
275.976472241659,0.142967
276.129081355079,0.142609
276.298522818308,0.159441
276.449148549148,0.140626
276.599937603973,0.140789
276.75410393539,0.144166
276.911264969061,0.147161
277.067578400919,0.146313
277.223680751019,0.146102
277.378858228205,0.145177
277.5372978129,0.14844
277.687966412948,0.140669
277.84394360121,0.145977
277.994831702867,0.140888
278.147076831967,0.142245
278.300327740896,0.143251
278.454542115616,0.144214
278.610105099167,0.145563
278.761919106075,0.141814
278.914247901992,0.142329
279.067195770412,0.142948
279.216834055195,0.139638
279.372539763342,0.145706
279.544704785017,0.162165
279.697887539531,0.143183
279.850973303655,0.143086
280.002361085783,0.141388
280.152641450571,0.14028
280.304358274254,0.141717
280.45802209535,0.143664
280.612499342174,0.144477
280.764663196635,0.142164
280.924361963157,0.149699
281.082721657988,0.14836
281.233489120823,0.140767
281.47307590668,0.229587
281.637723247968,0.154647
281.797762752961,0.15004
281.95834543666,0.150583
282.11907701604,0.150732
282.272540401392,0.143463
282.425310003889,0.14277
282.576313535664,0.141004
282.728143968902,0.14183
282.88057873423,0.142435
283.030741185458,0.140162
283.184283174339,0.143542
283.334546557274,0.140263
283.485146077216,0.1406
283.639352395968,0.144206
283.791545984789,0.142194
283.941889511962,0.140344
284.09143756244,0.139548
284.244631991324,0.143194
284.395308119644,0.140676
284.549424430526,0.144116
284.702273579017,0.142849
284.852054584768,0.139781
285.00333497453,0.14128
285.155064740163,0.14173
285.307287889019,0.142223
285.459331767739,0.142044
285.612046824898,0.142715
285.763444487592,0.141398
285.913504167079,0.14006
286.064670810995,0.141167
286.21653536747,0.141865
286.372166634789,0.145631
286.528842174658,0.146676
286.680609429154,0.141767
286.832733529544,0.142124
286.982768808858,0.140035
287.135442711156,0.142674
287.286730756566,0.141288
287.436936732115,0.140206
287.586778695513,0.139842
287.737434395161,0.140656
287.889074337544,0.14164
288.03975021662,0.140676
288.189278031681,0.139528
288.341441345148,0.142163
288.492058557265,0.140617
288.642191938485,0.140133
288.794371247234,0.142179
288.944684472519,0.140313
289.094901584837,0.140217
289.244408513956,0.139507
289.394187830018,0.139779
289.544329735112,0.140142
289.695249556646,0.14092
289.845743967093,0.140494
289.997505329595,0.141761
290.148083477608,0.140578
290.303671157022,0.145588
290.454186909188,0.140516
290.604409306264,0.140222
290.75408011273,0.139671
290.904655904352,0.140576
291.055303128491,0.140647
291.205311894963,0.140009
291.355081521347,0.13977
291.50640818123,0.141327
291.656029487085,0.139621
291.806098445731,0.140069
291.955642912773,0.139544
292.105412331358,0.139769
292.256024907623,0.140613
292.40576155023,0.139737
292.556153952343,0.140392
292.706078622342,0.139925
292.857657655767,0.141579
293.007852231469,0.140195
293.157738393609,0.139886
293.307904882863,0.140166
293.457976589347,0.140072
293.608695330304,0.140719
293.759477032274,0.140782
293.909282003971,0.139805
294.059077949174,0.139796
294.210043822493,0.140966
294.361133621053,0.14109
294.511453750273,0.14032
294.661177557811,0.139724
294.812413882431,0.141236
294.962227623363,0.139814
295.112855849348,0.140628
295.26230052515,0.139445
295.41189816098,0.139598
295.562766014748,0.140868
295.713282813332,0.140517
295.864025589623,0.140743
296.014118328137,0.140093
296.165760449911,0.141642
296.316641678457,0.140881
296.467125110325,0.140483
296.616894016524,0.139769
296.767185574085,0.140292
296.918288595039,0.141103
297.068635084445,0.140346
297.218457372364,0.139822
297.368667796182,0.14021
297.519457324892,0.14079
297.669247969712,0.139791
297.81924328656,0.139995
297.969480577909,0.140237
298.119646832001,0.140166
298.26991309911,0.140266
298.419655293081,0.139742
298.569340020002,0.139685
298.720036156785,0.140696
298.870372269766,0.140336
299.020041265906,0.139669
299.170987564612,0.140946
299.322885748515,0.141898
299.472923682469,0.140038
299.623756787491,0.140833
299.774310575845,0.140554
299.925297393354,0.140987
300.075703547006,0.140406
300.226393492709,0.14069
300.376542448523,0.140149
300.526283265253,0.139741
300.676422103062,0.140139
300.826659610872,0.140238
300.976582415693,0.139923
301.128073961754,0.141492
301.27902202816,0.140948
301.429052759888,0.140031
301.578604420041,0.139552
301.729104059193,0.1405
301.87994667288,0.140843
302.030537272146,0.140591
302.179980877115,0.139444
302.33175449556,0.141774
302.481468081221,0.139714
302.631145659184,0.139678
302.78104823158,0.139903
302.932612168434,0.141564
303.082642715967,0.140031
303.232460554095,0.139818
303.383177079772,0.140717
303.533732183242,0.140555
303.683481754212,0.13975
303.834090287145,0.140609
303.983785863959,0.139696
304.133870426124,0.140085
304.28393599426,0.140066
304.434247553525,0.140312
304.584395642903,0.140148
304.734525234941,0.14013
304.884220848103,0.139696
305.033926994737,0.139706
305.184843610246,0.140917
305.335189247538,0.140346
305.485507900325,0.140319
305.635150565872,0.139643
305.784833011257,0.139682
305.935889716614,0.141057
306.085689725028,0.1398
306.236782479055,0.141093
306.387002233705,0.14022
306.537177005814,0.140175
306.687594801524,0.140418
306.837178910345,0.139584
306.987967788094,0.140789
307.137593329397,0.139626
307.287254907269,0.139662
307.437537816993,0.140283
307.588585857035,0.141048
307.738556053125,0.13997
307.888392337647,0.139836
308.039780427492,0.141388
308.189233398202,0.139453
308.339175719292,0.139942
308.489476648983,0.140301
308.639714786593,0.140238
308.790007916029,0.140293
308.939434011341,0.139426
309.089835997084,0.140402
309.239829164464,0.139993
309.389784367478,0.139955
309.53966063596,0.139876
309.690360254469,0.1407
309.840670734135,0.14031
309.990935236642,0.140265
310.141173856409,0.140239
310.292446504121,0.141273
310.443930919194,0.141484
310.594035334367,0.140104
310.743704775467,0.139669
310.893221239284,0.139516
311.043243933256,0.140023
311.193367059409,0.140123
311.343360830382,0.139994
311.4936910369,0.14033
311.644809139809,0.141118
311.796035056717,0.141226
311.945971310327,0.139936
312.096293045462,0.140322
312.24655909538,0.140266
312.397386159791,0.140827
312.548550597509,0.141164
312.69861778386,0.140067
312.849284296542,0.140667
312.999676592448,0.140392
313.151412795076,0.141736
313.301011172942,0.139598
313.450573225915,0.139562
313.600702303492,0.140129
313.750381398124,0.139679
313.900811582836,0.14043
314.050907065487,0.140095
314.201244724534,0.140338
314.351386721366,0.140142
314.503526201824,0.142139
314.654698627969,0.141172
314.805338843375,0.14064
314.95580321272,0.140464
315.105745547857,0.139942
315.255880893054,0.140135
315.406784853281,0.140904
315.559560098078,0.142775
315.709203024159,0.139643
315.859489748467,0.140287
316.009209244929,0.139719
316.158798127842,0.139589
316.308548992471,0.139751
316.458546003067,0.139997
316.609130138944,0.140584
316.759069966376,0.13994
316.908805780387,0.139736
317.058859259485,0.140053
317.209757617794,0.140898
317.361315991247,0.141558
317.51092276667,0.139607
317.6605772243,0.139654
317.81132254407,0.140745
317.96088430449,0.139562
318.110659427772,0.139775
318.261116729926,0.140457
318.410741478453,0.139625
318.560249225107,0.139508
318.710053969458,0.139805
318.859759712836,0.139706
319.009510455415,0.139751
319.159225197923,0.139715
319.310288213517,0.141063
319.460005615738,0.139717
319.60987336201,0.139868
319.761650495573,0.141777
319.912697228891,0.141047
320.062448015779,0.139751
320.21261516002,0.140167
320.362899308549,0.140284
320.512677464563,0.139778
320.663365626816,0.140688
320.814152208332,0.140787
320.963921082525,0.139769
321.113752966291,0.139832
321.266026336049,0.142273
321.416350548338,0.140324
321.566223062013,0.139873
321.715955982226,0.139733
321.867559228213,0.141603
322.017888491616,0.140329
322.167603442093,0.139715
322.318454273516,0.140851
322.469409579267,0.140955
322.620340904866,0.140931
322.770700483496,0.14036
322.922091185827,0.141391
323.072384567624,0.140293
323.222063615144,0.139679
323.372503390093,0.14044
323.523123185722,0.14062
323.673488055882,0.140365
323.824572538006,0.141084
323.975111416727,0.140539
324.125413944367,0.140303
324.275419498824,0.140006
324.425515074417,0.140096
324.575440071569,0.139925
324.725724697521,0.140285
324.876440353039,0.140716
325.026083627421,0.139643
325.17637170983,0.140288
325.327635028366,0.141263
325.478463189073,0.140828
325.628268553406,0.139805
325.77813122589,0.139863
325.929698958816,0.141568
326.080734449793,0.141035
326.230368911102,0.139634
326.381040169867,0.140671
326.531262145852,0.140222
326.681902053386,0.14064
326.831635618327,0.139734
326.981513212341,0.139878
327.131884831451,0.140372
327.282034979943,0.14015
327.431878157954,0.139843
327.581686856396,0.139809
327.733340134639,0.141653
327.883662494368,0.140322
328.034533620885,0.140871
328.184312422441,0.139779
328.33496049262,0.140648
328.485590880031,0.14063
328.636627602875,0.141037
328.787367048538,0.140739
328.938503514966,0.141136
329.088600436161,0.140097
329.240137345089,0.141537
329.390703303381,0.140566
329.542059435829,0.141356
329.692354009078,0.140295
329.844079771685,0.141726
329.995322378707,0.141243
330.144993407195,0.139671
330.295140447328,0.140147
330.447467071071,0.142327
330.59867473214,0.141208
330.749154405275,0.14048
330.899314089466,0.14016
331.049156174946,0.139842
331.200754488895,0.141598
331.353223809677,0.142469
331.504583574822,0.14136
331.655767912056,0.141184
331.80614993152,0.140382
331.958755130197,0.142605
332.109498253431,0.140743
332.259651997012,0.140154
332.409759126339,0.140107
332.559994876848,0.140236
332.710181630853,0.140187
332.86182620673,0.141645
333.011618394374,0.139792
333.16170515424,0.140087
333.312727571423,0.141022
333.462566563119,0.139839
333.613009327649,0.140443
333.763782470647,0.140773
333.917206354437,0.143424
334.067698934813,0.140493
334.218636810173,0.140938
334.368955578479,0.140319
334.520880970481,0.141925
334.670959739858,0.140079
334.820549886336,0.13959
334.97104327962,0.140493
335.122738049892,0.141695
335.273122820419,0.140385
335.424681214538,0.141558
335.57521260889,0.140531
335.726651379886,0.141439
335.878963774525,0.142312
336.029047922211,0.140084
336.179346608354,0.140299
336.333388796582,0.144042
336.484318568039,0.14093
336.634879450223,0.140561
336.785304221781,0.140425
336.935119369757,0.139815
337.085752141395,0.140633
337.236232289431,0.14048
337.386730437488,0.140498
337.53830858556,0.141578
337.690214911822,0.141906
337.840671683566,0.140457
337.999041606721,0.14837
338.148883754847,0.139842
338.300218526629,0.141335
338.451247545724,0.141029
338.603093317524,0.141846
338.754756008708,0.141663
338.904202156863,0.139446
339.054129367642,0.139927
339.20576176312,0.141632
339.357502202572,0.14174
339.507852974396,0.140351
339.658114808867,0.140262
339.809858828018,0.141744
339.959547976189,0.139689
340.11080737168,0.141259
340.261124371809,0.140317
340.41176114364,0.140637
340.561594291814,0.139833
340.712642502641,0.141048
340.862549274482,0.139907
341.012292422661,0.139743
341.162041485791,0.139749
341.31337463397,0.141333
341.464523029473,0.141148
341.614766177652,0.140243
341.765838902672,0.141073
341.915690050851,0.139851
342.068408608629,0.142719
342.218088756808,0.13968
342.369822152311,0.141733
342.52121230049,0.14139
342.67196436362,0.140752
342.824335759123,0.142371
342.974119822253,0.139784
343.124812217756,0.140692
343.275478613259,0.140666
343.430524127072,0.145046
343.581227898913,0.140704
343.732169047092,0.140941
343.889454346842,0.147285
344.040441804993,0.140987
344.191198639482,0.140757
344.34177807895,0.140579
344.492002227129,0.140224
344.641637375308,0.139635
344.791608147149,0.139971
344.94223791899,0.14063
345.093508154446,0.14127
345.243458926287,0.139951
345.393287989417,0.139829
345.543935756327,0.140648
345.696392528168,0.142457
345.846976676347,0.140584
345.997252263512,0.140276
346.147466035353,0.140214
346.29844524618,0.140979
346.44929730931,0.140852
346.600912704813,0.141615
346.753794971302,0.142882
346.904733743143,0.140939
347.054605514984,0.139872
347.204864983759,0.140259
347.355656408651,0.140791
347.50541755683,0.139761
347.656901295109,0.141484
347.809784376922,0.142883
347.960993525101,0.141209
348.11069167328,0.139698
348.261104821459,0.140413
348.412501969638,0.141397
348.563358218183,0.140856
348.715932052672,0.142574
348.866987392513,0.141055
349.01901607496,0.142029
349.16871113809,0.139695
349.318933909931,0.140223
349.469891622421,0.140958
349.6212347706,0.141343
349.772553789765,0.141319
349.923078937944,0.140525
350.073555086123,0.140476
350.223298234302,0.139743
350.373784373903,0.140486
350.524298208392,0.140514
350.676272634282,0.141974
350.826339782461,0.140067
350.98035776579,0.144018
351.130238537631,0.139881
351.280572051846,0.140334
351.430677114976,0.140105
351.580962886817,0.140286
351.730832034996,0.139869
351.881226183175,0.140394
352.030744331354,0.139518
352.182270805113,0.141526
352.332773428918,0.140503
352.486127448083,0.143354
352.636433596262,0.140306
352.787221430751,0.140788
352.93811726524,0.140896
353.089247952032,0.141131
353.239171999062,0.139924
353.389439770903,0.140268
353.539862919082,0.140423
353.690448067261,0.140585
353.843263086426,0.142815
353.994987858267,0.141725
354.145320006446,0.140332
354.295009154625,0.139689
354.446903236438,0.141894
354.597722631941,0.140819
354.748836219106,0.141114
354.898453367285,0.139617
355.054144762788,0.145691
355.203875825918,0.139731
355.353609974097,0.139734
355.503724745938,0.140115
355.653269632054,0.139545
355.804526403895,0.141257
355.955871358693,0.141345
356.106303506872,0.140432
356.256972655051,0.140669
356.407567050554,0.140594
356.557798313008,0.140231
356.710322332173,0.142524
356.860556480352,0.140234
357.014325875855,0.143769
357.164042024034,0.139716
357.313719087164,0.139677
357.464871235343,0.141152
357.615285383522,0.140414
357.765616155363,0.140331
357.916485927204,0.14087
358.067107322707,0.140621
358.216962533534,0.139855
358.366780681713,0.139818
358.516415829892,0.139635
358.665818601733,0.139403
358.816307373574,0.140489
358.966640521753,0.140333
359.117097335358,0.140457
359.269247354523,0.14215
359.420487417653,0.14124
359.571042813156,0.140555
359.723501455983,0.142459
359.874710227824,0.141209
360.026211745098,0.141502
360.176110516939,0.139899
360.328157912442,0.142047
360.478265060621,0.140107
360.629077832462,0.140813
360.780620666951,0.141543
360.931460438792,0.14084
361.082109210633,0.140649
361.231951358812,0.139842
361.383087130653,0.141136
361.533753526156,0.140666
361.685617297997,0.141864
361.837021267082,0.141404
361.98696170655,0.13994
362.136533854729,0.139572
362.287101002908,0.140567
362.43707840811,0.139977
362.587058179951,0.13998
362.73747532813,0.140417
362.887346590584,0.139871
363.036882738763,0.139536
363.190455252576,0.143573
363.341205463403,0.14075
363.490831611582,0.139626
363.641730759761,0.140899
363.79138390794,0.139653
363.942228056119,0.140844
364.092276204298,0.140048
364.242219976139,0.139944
364.393337974938,0.141118
364.543102501792,0.139765
364.694172387699,0.14107
364.846250406864,0.142078
364.996388555043,0.140138
365.146132326884,0.139744
365.296465368951,0.140333
365.447291140792,0.140826
365.597660288971,0.140369
365.74758343715,0.139923
365.89780450028,0.140221
366.048915895783,0.141111
366.199723667624,0.140808
366.350014815803,0.140291
366.500119587644,0.140105
366.651356983147,0.141237
366.801750754988,0.140394
366.952989150491,0.141238
367.10348729867,0.140498
367.253692505919,0.140205
367.40399627776,0.140304
367.553976049601,0.13998
367.705433445104,0.141457
367.857384840607,0.141951
368.007679612448,0.140295
368.157641384289,0.139962
368.307240532468,0.139599
368.458470680647,0.14123
368.61002207615,0.141551
368.759882224329,0.13986
368.911894619832,0.142012
369.062246454321,0.140352
369.2120346025,0.139788
369.363264374341,0.14123
369.51304352252,0.139779
369.663266294361,0.140223
369.813028258189,0.139762
369.963549406368,0.140521
370.113184554547,0.139635
370.263614326388,0.14043
370.413909098229,0.140295
370.56391587007,0.140007
370.713588641911,0.139673
370.863476413752,0.139888
371.01350685322,0.14003
371.163223001399,0.139716
371.314590149578,0.141367
371.465530921419,0.140941
371.61681164477,0.141281
371.766635792949,0.139824
371.916153941128,0.139518
372.066265904631,0.140112
372.21681405281,0.140548
372.368215200989,0.141401
372.518003349168,0.139788
372.667713235075,0.13971
372.820145006916,0.142432
372.970181155095,0.140036
373.120884926936,0.140704
373.272620834473,0.141736
373.422600982652,0.13998
373.572452130831,0.139851
373.722674902672,0.140223
373.874278674513,0.141604
374.026651446354,0.142373
374.178198841857,0.141547
374.327695904987,0.139497
374.477493053166,0.139797
374.627799887655,0.140307
374.778730087512,0.14093
374.929676566821,0.140946
375.082351033465,0.142674
375.232727181644,0.140376
375.386078510781,0.143351
375.537115282622,0.141037
375.690180925449,0.143066
375.843154320952,0.142973
375.993994092793,0.14084
376.146119240972,0.142125
376.297173503426,0.141054
376.447532651605,0.140359
376.597827423446,0.140295
376.748295195287,0.140468
376.899006967128,0.140712
377.048974306969,0.139967
377.200077141458,0.141103
377.351517536961,0.14144
377.50149768514,0.13998
377.651240833319,0.139743
377.80156260516,0.140322
377.951985568663,0.140423
378.102759964166,0.140774
378.252530112345,0.13977
378.406494261792,0.143964
378.556438033633,0.139944
378.707733256604,0.141295
378.857494404783,0.139761
379.00998392987,0.14249
379.16041406331,0.14043
379.310278274137,0.139864
379.459832422316,0.139554
379.610981540345,0.141149
379.761096312186,0.140115
379.911073460365,0.139977
380.061269232206,0.140196
380.213456628579,0.142187
380.365762274335,0.142306
380.517417426742,0.141655
380.667175498907,0.139758
380.818167285338,0.140992
380.969014448767,0.140847
381.118658618804,0.139644
381.269743053942,0.141084
381.41995723544,0.140214
381.570400424728,0.140443
381.720911258831,0.140511
381.870546466328,0.139635
382.020733324593,0.140187
382.170851330151,0.140118
382.32152570041,0.140674
382.471448954585,0.139923
382.622282871577,0.140834
382.774966646673,0.142684
382.924781942576,0.139815
383.075387793551,0.140606
383.22727679064,0.141889
383.378296813071,0.14102
383.528638178585,0.140341
383.678485537,0.139847
383.829669554949,0.141184
383.981171372123,0.141502
384.131286519105,0.140115
384.2823881098,0.141102
384.438013354571,0.145625
384.588263591886,0.14025
384.738314855745,0.140051
384.887896426581,0.139582
385.039325606901,0.141429
385.190886976611,0.141561
385.340984380002,0.140097
385.491459822937,0.140475
385.640939633025,0.13948
385.790817670951,0.139878
385.940890323055,0.140073
386.091161136101,0.140271
386.241012983814,0.139852
386.398748565084,0.147736
386.550584927406,0.141836
386.703376547379,0.142792
386.852823542874,0.139447
387.003693427209,0.14087
387.154692501705,0.140999
387.305898478544,0.141206
387.456307930624,0.140409
387.609725564982,0.143418
387.75919979951,0.139474
387.911888890436,0.142689
388.062082206315,0.140193
388.214561500286,0.142479
388.366676765458,0.142115
388.517918162423,0.141241
388.667563643197,0.139645
388.817626144032,0.140063
388.969754711631,0.142129
389.121729299465,0.141975
389.274418965216,0.14269
389.424606669845,0.140188
389.578265483486,0.143659
389.733474256948,0.145209
389.885765181634,0.142291
390.037145107168,0.14138
390.18815302656,0.141008
390.338828985548,0.140676
390.491972609841,0.143144
390.644934659363,0.142962
390.796589265896,0.141655
390.94784040305,0.141251
391.100722860838,0.142882
391.251147086112,0.140424
391.400946366782,0.139799
391.551211843151,0.140265
391.702997567227,0.141786
391.853708749187,0.140711
392.00434720069,0.140638
392.158052107252,0.143705
392.312397648645,0.144346
392.465010919708,0.142613
392.615880558582,0.14087
392.767007752848,0.141127
392.918808749328,0.141801
393.076181363057,0.147373
393.226835175642,0.140654
393.393110895164,0.156276
393.545782747527,0.142672
393.703754049624,0.147971
393.858956868602,0.145203
394.00944892504,0.140492
394.161693503368,0.142245
394.317488944665,0.145795
394.468103434842,0.140614
394.621571684092,0.143468
394.778693448766,0.147122
394.931018791294,0.142325
395.082416475876,0.141398
395.241137912281,0.148721
395.395372777783,0.144235
395.547967815036,0.142595
395.700606861195,0.142639
395.869090963266,0.158484
396.035250185551,0.156159
396.18935349336,0.144103
396.34343440304,0.144081
396.501582858284,0.148148
396.668576247279,0.156993
396.829287900847,0.150712
396.996345887478,0.157058
397.168787474402,0.162442
397.329983388407,0.151196
397.493207415995,0.153224
397.648640187516,0.145433
397.829246606007,0.170606
398.062097775474,0.222851
398.256185532987,0.184088
398.433078184306,0.166893
398.618962284667,0.175884
399.911428356132,1.28247
401.261256690923,1.33983
401.560012346476,0.288756
403.019777621601,1.44977
403.440882216276,0.411105
403.79944615007,0.348564
404.060297703672,0.250852
404.236838608043,0.166541
404.419960751325,0.173122
404.650662898079,0.220702
404.899799770725,0.239137
405.066709241795,0.156909
405.25154751203,0.174838
405.414528259744,0.152981
405.572216405685,0.147688
405.748911818675,0.166695
405.901257583533,0.142346
406.064884634143,0.153627
406.223195646986,0.148311
406.376683582662,0.143488
406.52641429226,0.139731
406.701140661027,0.164726
406.858977654121,0.147837
407.033028704422,0.164051
407.185733285887,0.142705
407.338936808504,0.143204
407.490857889251,0.141921
407.659560608939,0.158703
407.812752835045,0.143192
407.964712644749,0.14196
408.114722503604,0.14001
408.266698312633,0.141976
408.420058602021,0.14336
408.573961901779,0.143903
408.725167324916,0.141205
408.889909533948,0.154742
409.042067555583,0.142158
409.204821747781,0.152754
409.356856351334,0.142035
409.507797703867,0.140941
409.661648289675,0.143851
409.813992808466,0.142345
409.965852004507,0.141859
410.116082132451,0.14023
410.26793858885,0.141856
410.421368699562,0.14343
410.573385983644,0.142017
410.727019035659,0.143633
410.87774972954,0.140731
411.027731569719,0.139982
411.182436461963,0.144705
411.333817154302,0.141381
411.487189774963,0.143373
411.636966905839,0.139777
411.787562430194,0.140596
411.937615862143,0.140053
412.090561502918,0.142946
412.244137076828,0.143576
412.394545296158,0.140408
412.546149633469,0.141604
412.696283719438,0.140134
412.848485619366,0.142202
413.005501143954,0.147016
413.155245182758,0.139744
413.305813154075,0.140568
413.456355907578,0.140543
413.610284575579,0.143929
413.760548680791,0.140264
413.9114014454,0.140853
414.064799929343,0.143398
414.215603327937,0.140803
414.365745677232,0.140142
414.517748226361,0.142003
414.668734327233,0.140986
414.820216153937,0.141482
414.973897130377,0.143681
415.124242455525,0.140345
415.273904722377,0.139662
415.426427030635,0.142522
415.576952190305,0.140525
415.72781974907,0.140868
415.878822335996,0.141003
416.028596319739,0.139774
416.178567274316,0.139971
416.330342541042,0.141775
416.485405849364,0.145063
416.637507528309,0.142102
416.787783776446,0.140276
416.9375264569,0.139743
417.089227569561,0.141701
417.23907814183,0.139851
417.389335128604,0.140257
417.539964503137,0.140629
417.69111978343,0.141155
417.841457563769,0.140338
417.993255790692,0.141798
418.143934436469,0.140679
418.29355531134,0.139621
418.443495449424,0.13994
418.593291534343,0.139796
418.744783573284,0.141492
418.896041552233,0.141258
419.046028800145,0.139987
419.196729281793,0.1407
419.346662851648,0.139934
419.497619507677,0.140957
419.647417865781,0.139798
419.797983030034,0.140565
419.949803418066,0.14182
420.101018785969,0.141215
420.251149503285,0.140131
420.401172135748,0.140023
420.553246096487,0.142074
420.703534444694,0.140288
420.855500541651,0.141966
421.005259762188,0.139759
421.154748352141,0.139489
421.30555036755,0.140802
421.456032934529,0.140483
421.605679335724,0.139646
421.756026301372,0.140347
421.906426278232,0.1404
422.057008263848,0.140582
422.20767889724,0.140671
422.357680661634,0.140002
422.50835105661,0.14067
422.658796306509,0.140445
422.808797899253,0.140002
422.958556452487,0.139759
423.110421822017,0.141865
423.260298645838,0.139877
423.409904839387,0.139606
423.5596316031,0.139727
423.7098407994,0.140209
423.859825939491,0.139985
424.009711265304,0.139885
424.161385150181,0.141674
424.311531087908,0.140146
424.461794969885,0.140264
424.611803644881,0.140009
424.762103398905,0.1403
424.912304072323,0.140201
425.062288455967,0.139984
425.212217222383,0.139929
425.36262695095,0.14041
425.514074371838,0.141447
425.664322999907,0.140249
425.815878493785,0.141555
425.968205551842,0.142327
426.118369723727,0.140164
426.269409750105,0.14104
426.420061523725,0.140652
426.57025257792,0.140191
426.720686578364,0.140434
426.872190829296,0.141504
427.02242671095,0.140236
427.173192374939,0.140766
427.32385177091,0.140659
427.474650834101,0.140799
427.625683482763,0.141033
427.776910619878,0.141227
427.926716331489,0.139806
428.077095805151,0.140379
428.226897675803,0.139802
428.378482300679,0.141585
428.528716377566,0.140234
428.678663639138,0.139947
428.829619655193,0.140956
428.979410439439,0.139791
429.128978062988,0.139568
429.279078125739,0.1401
429.428658439059,0.13958
429.578543788346,0.139885
429.729167175927,0.140623
429.878842613828,0.139675
430.029176462232,0.140334
