X,frankfurt_urban_n_vehicles.MA[4].tcp/rcvd seq
414.600615696251,1.03639e+08
414.689892813011,1.03639e+08
414.690461080429,1.03639e+08
414.779374275759,1.0364e+08
414.779897540753,1.0364e+08
414.868918733743,1.03641e+08
414.869811996481,1.03641e+08
414.870308259219,1.03642e+08
414.871309521957,1.03642e+08
414.957741924562,1.03643e+08
414.958698185214,1.03643e+08
414.960712445866,1.03644e+08
414.961803706518,1.03644e+08
414.96252496717,1.03645e+08
414.963012227822,1.03646e+08
414.963986488474,1.03646e+08
414.965422009778,1.03647e+08
415.046601113376,1.03647e+08
415.047151372104,1.03648e+08
415.04892888956,1.03648e+08
415.049506148288,1.03649e+08
415.050561407016,1.03649e+08
415.051634665744,1.0365e+08
415.052112924472,1.0365e+08
415.053620441928,1.03651e+08
415.054143700656,1.03651e+08
415.055651218112,1.03652e+08
415.05669747684,1.03652e+08
415.058603253024,1.03653e+08
415.060310511752,1.03654e+08
415.062570029208,1.03654e+08
415.136145559079,1.03655e+08
415.136749816053,1.03655e+08
415.138437335263,1.03656e+08
415.139618592237,1.03656e+08
415.140945111447,1.03657e+08
415.143011887631,1.03657e+08
415.143959144605,1.03658e+08
415.144978401579,1.03658e+08
415.145546658553,1.03659e+08
415.147018172501,1.03659e+08
415.148001429475,1.0366e+08
415.149362686449,1.03661e+08
415.150481957455,1.03661e+08
415.151997637043,1.03662e+08
415.225582001789,1.03662e+08
415.226529258039,1.03663e+08
415.227602514289,1.03663e+08
415.229558770539,1.03664e+08
415.231680026789,1.03664e+08
415.233810283039,1.03665e+08
415.234288539289,1.03665e+08
415.234901795539,1.03666e+08
415.236807564289,1.03666e+08
415.237294820539,1.03667e+08
415.238634872185,1.03667e+08
415.239360809417,1.03668e+08
415.240254065667,1.03669e+08
415.241894639857,1.03669e+08
415.317934764649,1.0367e+08
415.318828575761,1.0367e+08
415.319730832521,1.03671e+08
415.320660089281,1.03671e+08
415.323189493161,1.03672e+08
415.324706561033,1.03672e+08
415.325609372145,1.03673e+08
415.326954885665,1.03673e+08
415.328498953537,1.03674e+08
415.329527210297,1.03674e+08
415.346868503994,1.03675e+08
415.347923760754,1.03676e+08
415.349024017514,1.03676e+08
415.349592274274,1.03677e+08
415.407669761987,1.03677e+08
415.408576125538,1.03678e+08
415.411297555929,1.03678e+08
415.412226813373,1.03679e+08
415.414861975083,1.03679e+08
415.416359879349,1.0368e+08
415.417803868407,1.0368e+08
415.419607772673,1.03681e+08
415.420113030117,1.03681e+08
415.420672287561,1.03682e+08
415.438992026809,1.03683e+08
415.439948284253,1.03683e+08
415.440886541697,1.03684e+08
415.441463799141,1.03684e+08
415.497217656259,1.03685e+08
415.498671731643,1.03685e+08
415.500304636336,1.03686e+08
415.502354379603,1.03686e+08
415.504015462822,1.03687e+08
415.50589072112,1.03687e+08
415.507251979418,1.03688e+08
415.509567474556,1.03688e+08
415.511930036206,1.03689e+08
415.512949294504,1.03689e+08
415.531310681476,1.0369e+08
415.532827243126,1.03691e+08
415.533431501424,1.03691e+08
415.534487209126,1.03692e+08
415.589609618858,1.03692e+08
415.590664877156,1.03693e+08
415.592777620423,1.03693e+08
415.59499836369,1.03694e+08
415.595476621988,1.03694e+08
415.596513880286,1.03695e+08
415.597931396882,1.03695e+08
415.599663913478,1.03696e+08
415.601604730389,1.03696e+08
415.603553288489,1.03697e+08
415.62016767839,1.03698e+08
415.623322337226,1.03698e+08
415.625192450053,1.03699e+08
415.626382709377,1.03699e+08
415.680329908311,1.037e+08
415.681223167635,1.037e+08
415.683424100247,1.03701e+08
415.685410864909,1.03701e+08
415.687181124233,1.03702e+08
415.687803383557,1.03702e+08
415.688299642881,1.03703e+08
415.690808460305,1.03703e+08
415.692899238277,1.03704e+08
415.882866027327,1.03704e+08
415.884763874154,1.03704e+08
415.885287136046,1.03705e+08
415.885828397938,1.03706e+08
415.887254921722,1.03706e+08
415.888211183614,1.03707e+08
415.888680445506,1.03707e+08
415.889564707398,1.03708e+08
415.89017796929,1.03708e+08
415.891206231182,1.03709e+08
415.893103016858,1.03709e+08
415.89416727875,1.0371e+08
415.894654540642,1.0371e+08
415.895700802534,1.03711e+08
415.897154326318,1.03711e+08
415.974714589722,1.03712e+08
415.97522885315,1.03712e+08
415.976736380006,1.03713e+08
415.977854643434,1.03714e+08
415.979055161074,1.03714e+08
415.980056422966,1.03715e+08
415.981156686394,1.03715e+08
415.981841949822,1.03716e+08
415.983358476678,1.03716e+08
415.983971740106,1.03717e+08
415.985443266962,1.03717e+08
415.98648953039,1.03718e+08
415.991591933774,1.03718e+08
415.993658746638,1.03719e+08
416.064160046553,1.03719e+08
416.064827311683,1.0372e+08
416.067117841943,1.03721e+08
416.068182107073,1.03721e+08
416.069147372203,1.03722e+08
416.071249128375,1.03722e+08
416.071745393505,1.03723e+08
416.072286658635,1.03723e+08
416.073233923765,1.03724e+08
416.073865188895,1.03724e+08
416.074370454025,1.03725e+08
416.081351369291,1.03725e+08
416.084432198521,1.03726e+08
416.085550463651,1.03726e+08
416.153704507295,1.03727e+08
416.154822772425,1.03728e+08
416.156094037555,1.03728e+08
416.157302305401,1.03729e+08
416.158375573247,1.03729e+08
416.162058854247,1.0373e+08
416.163225933677,1.0373e+08
416.163704201523,1.03731e+08
416.165337737215,1.03731e+08
416.166438005061,1.03732e+08
416.166997272907,1.03732e+08
416.170354564903,1.03733e+08
416.173264394133,1.03733e+08
416.174427659263,1.03734e+08
416.257243237494,1.03734e+08
416.25771250885,1.03735e+08
416.258190780206,1.03736e+08
416.259264051562,1.03736e+08
416.260591594274,1.03737e+08
416.26239786563,1.03737e+08
416.263372136986,1.03738e+08
416.264472408342,1.03738e+08
416.265094679698,1.03739e+08
416.26659322241,1.03739e+08
416.267603493766,1.0374e+08
416.268180765122,1.0374e+08
416.268677036478,1.03741e+08
416.269651307834,1.03741e+08
416.347175982518,1.03742e+08
416.349679562162,1.03743e+08
416.350274837182,1.03743e+08
416.351296593376,1.03744e+08
416.352366339298,1.03744e+08
416.35394488201,1.03745e+08
416.35446815703,1.03745e+08
416.35594870707,1.03746e+08
416.35751823879,1.03746e+08
416.358537510146,1.03747e+08
416.359078785166,1.03747e+08
416.361190875044,1.03748e+08
416.362111532286,1.03748e+08
416.363095250054,1.03749e+08
416.436215188571,1.03749e+08
416.439202927865,1.0375e+08
416.441175103399,1.03751e+08
416.442167382237,1.03751e+08
416.443684557771,1.03752e+08
416.444730836609,1.03752e+08
416.445200115447,1.03753e+08
416.446183394285,1.03753e+08
416.446697673123,1.03754e+08
416.447973991219,1.03754e+08
416.450775827733,1.03755e+08
416.453889209261,1.03755e+08
416.455846759791,1.03756e+08
416.456478038629,1.03756e+08
416.526582682541,1.03757e+08
416.529199916477,1.03758e+08
416.531288104946,1.03758e+08
416.53234418327,1.03759e+08
416.532831466084,1.03759e+08
416.534231654553,1.0376e+08
416.536335502995,1.0376e+08
416.537291785809,1.03761e+08
416.538320088677,1.03761e+08
416.538888371491,1.03762e+08
416.540974219933,1.03762e+08
416.543131055199,1.03763e+08
416.545346248579,1.03763e+08
416.546419531393,1.03764e+08
416.617161304306,1.03764e+08
416.617559591258,1.03765e+08
416.620325602218,1.03765e+08
416.623080698384,1.03766e+08
416.624144985336,1.03766e+08
416.624641272288,1.03767e+08
416.62565155924,1.03767e+08
416.627042133144,1.03768e+08
416.628088420096,1.03768e+08
416.628620707048,1.03769e+08
416.629085994,1.03769e+08
416.820522993959,1.0377e+08
416.821136289641,1.0377e+08
416.821650585323,1.0377e+08
416.822687881005,1.03771e+08
416.823617176687,1.03771e+08
416.824122472369,1.03772e+08
416.824618768051,1.03773e+08
416.825214063733,1.03773e+08
416.826604655097,1.03774e+08
416.827650950779,1.03774e+08
416.828309246461,1.03775e+08
416.829238542143,1.03775e+08
416.831587724871,1.03776e+08
416.832652020553,1.03776e+08
416.833121316235,1.03777e+08
416.9198860316,1.03777e+08
416.92096833186,1.03778e+08
416.92209563212,1.03778e+08
416.92256493238,1.03779e+08
416.92359323264,1.03779e+08
416.9242425329,1.0378e+08
416.92732073394,1.03781e+08
416.9278530342,1.03781e+08
416.92898033446,1.03782e+08
416.93011663472,1.03782e+08
416.93112693498,1.03783e+08
416.93166823524,1.03783e+08
416.937130934386,1.03784e+08
416.940116801028,1.03784e+08
417.008709263353,1.03785e+08
417.009917563613,1.03785e+08
417.013086610605,1.03786e+08
417.014285915603,1.03786e+08
417.016570220601,1.03787e+08
417.017075525599,1.03788e+08
417.018175830597,1.03788e+08
417.019186135595,1.03789e+08
417.019673440593,1.03789e+08
417.020692745591,1.0379e+08
417.023698927407,1.0379e+08
417.027560071047,1.03791e+08
417.028056376045,1.03791e+08
417.030210529617,1.03792e+08
417.097712497475,1.03792e+08
417.098821797735,1.03793e+08
417.102152294492,1.03793e+08
417.103237718827,1.03794e+08
417.106096762165,1.03794e+08
417.107062067163,1.03795e+08
417.108505677159,1.03796e+08
417.109578982157,1.03796e+08
417.110121287155,1.03797e+08
417.111620176363,1.03797e+08
417.114105735793,1.03798e+08
417.116924612611,1.03798e+08
417.118149461185,1.03799e+08
417.119483771071,1.03799e+08
417.198748991137,1.038e+08
417.199687953353,1.038e+08
417.204530993176,1.03801e+08
417.206059308096,1.03801e+08
417.208569937936,1.03802e+08
417.209084252856,1.03803e+08
417.2113806641,1.03803e+08
417.21342997902,1.03804e+08
417.214875265959,1.03804e+08
417.215894580879,1.03805e+08
417.217735210719,1.03805e+08
417.218231525639,1.03806e+08
417.219313840559,1.03806e+08
417.220713470399,1.03807e+08
417.289251666398,1.03807e+08
417.293331625443,1.03808e+08
417.294839912382,1.03808e+08
417.29626586706,1.03809e+08
417.2979074969,1.03809e+08
417.302524575326,1.0381e+08
417.303624896906,1.03811e+08
417.305779540066,1.03811e+08
417.306861861646,1.03812e+08
417.307881183226,1.03812e+08
417.309044504806,1.03813e+08
417.311353147966,1.03813e+08
417.311831469546,1.03814e+08
417.313348112706,1.03814e+08
417.378626885791,1.03815e+08
417.382715434124,1.03815e+08
417.384079659912,1.03816e+08
417.385359114434,1.03816e+08
417.387419189828,1.03817e+08
417.392027319824,1.03818e+08
417.393046641404,1.03818e+08
417.39468379077,1.03819e+08
417.39602711235,1.03819e+08
417.39791275551,1.0382e+08
417.39984207709,1.0382e+08
417.401721405898,1.03821e+08
417.402839734706,1.03821e+08
417.405782334836,1.03822e+08
417.469817636337,1.03822e+08
417.471804211667,1.03823e+08
417.473899451132,1.03823e+08
417.47499977994,1.03824e+08
417.476332444146,1.03824e+08
417.481841170276,1.03825e+08
417.482914499084,1.03826e+08
417.484068827892,1.03826e+08
417.4853851567,1.03827e+08
417.486755316168,1.03827e+08
417.489426335022,1.03828e+08
417.49058066383,1.03828e+08
417.492185992638,1.03829e+08
417.494640428108,1.03829e+08
417.561660317044,1.0383e+08
417.562228653204,1.0383e+08
417.564677186596,1.03831e+08
417.566077453292,1.03831e+08
417.567141789452,1.03832e+08
417.570745431884,1.03833e+08
417.571917888672,1.03833e+08
417.5730630895,1.03834e+08
417.574289418308,1.03834e+08
417.575857001421,1.03835e+08
417.764806523683,1.03835e+08
417.765302875109,1.03835e+08
417.766394226535,1.03836e+08
417.766935577961,1.03836e+08
417.768035929387,1.03837e+08
417.769552632239,1.03837e+08
417.771202983665,1.03838e+08
417.771744335091,1.03838e+08
417.772231686517,1.03839e+08
417.773604389369,1.03839e+08
417.774073740795,1.0384e+08
417.774570092221,1.03841e+08
417.776793497925,1.03841e+08
417.777875849351,1.03842e+08
417.778417200777,1.03842e+08
417.854890701573,1.03843e+08
417.857359029125,1.03843e+08
417.858414388615,1.03844e+08
417.859343748105,1.03844e+08
417.860861075657,1.03845e+08
417.862485794637,1.03845e+08
417.863613154127,1.03846e+08
417.864722513617,1.03846e+08
417.865849873107,1.03847e+08
417.866896232597,1.03848e+08
417.867365592087,1.03848e+08
417.868891311067,1.03849e+08
417.870893951543,1.03849e+08
417.871850311033,1.0385e+08
417.943812994402,1.0385e+08
417.946182321954,1.03851e+08
417.947561689874,1.03851e+08
417.948689057794,1.03852e+08
417.950820425714,1.03852e+08
417.951920793634,1.03853e+08
417.953048161554,1.03853e+08
417.955179265314,1.03854e+08
417.957736633234,1.03854e+08
417.958422001154,1.03855e+08
417.959929736994,1.03856e+08
417.960994104914,1.03856e+08
417.963142125392,1.03857e+08
417.963710493312,1.03857e+08
418.032789295909,1.03858e+08
418.035248623461,1.03858e+08
418.036402991381,1.03859e+08
418.038516359301,1.03859e+08
418.040148729311,1.0386e+08
418.042566830981,1.0386e+08
418.043036207827,1.03861e+08
418.044741961519,1.03861e+08
418.047254302661,1.03862e+08
418.047885679507,1.03863e+08
418.049366433199,1.03863e+08
418.050929464413,1.03864e+08
418.053464447377,1.03864e+08
418.054846432215,1.03865e+08
418.099584296883,1.03865e+08
418.12180160639,1.03865e+08
418.124143933942,1.03866e+08
418.125334301862,1.03866e+08
418.127537669782,1.03867e+08
418.147406225995,1.03867e+08
418.147938611863,1.03868e+08
418.148452997731,1.03868e+08
418.150152775215,1.03869e+08
418.152059552699,1.03869e+08
418.152618938567,1.0387e+08
418.155223777184,1.03871e+08
418.156198163052,1.03871e+08
418.15731654892,1.03872e+08
418.158326934788,1.03872e+08
418.212000153095,1.03873e+08
418.2129852535,1.03873e+08
418.21607586577,1.03874e+08
418.221358043432,1.03874e+08
418.237294317289,1.03875e+08
418.237952712289,1.03875e+08
418.241029520713,1.03876e+08
418.241651915713,1.03876e+08
418.245824742561,1.03877e+08
418.246844137561,1.03878e+08
418.248494927561,1.03878e+08
418.249460322561,1.03879e+08
418.249965717561,1.03879e+08
418.251989112561,1.0388e+08
418.304498520232,1.0388e+08
418.307044164575,1.03881e+08
418.308153568821,1.03881e+08
418.311513010037,1.03882e+08
418.327540223271,1.03882e+08
418.328063627517,1.03883e+08
418.332007809974,1.03883e+08
418.334101930163,1.03884e+08
418.335708423464,1.03885e+08
418.337109543653,1.03885e+08
418.337812947899,1.03886e+08
418.340319756391,1.03886e+08
418.341267160637,1.03887e+08
418.346569379277,1.03887e+08
418.397471281734,1.03888e+08
418.39944728797,1.03888e+08
418.400493930734,1.03889e+08
418.401432344294,1.03889e+08
418.427842285926,1.0389e+08
418.429927699486,1.0389e+08
418.431064113046,1.03891e+08
418.431551526606,1.03891e+08
418.43304024543,1.03892e+08
418.43580648611,1.03893e+08
418.439766815462,1.03893e+08
418.440867229022,1.03894e+08
418.443067947846,1.03894e+08
418.44579208023,1.03895e+08
418.486303619761,1.03895e+08
418.489812261861,1.03896e+08
418.490921675421,1.03896e+08
418.491409088981,1.03897e+08
418.517783629517,1.03897e+08
418.518924214785,1.03898e+08
418.521863592827,1.03898e+08
418.523050006387,1.03899e+08
418.523735429373,1.039e+08
418.525293275345,1.039e+08
418.714909372217,1.03901e+08
418.717367192541,1.03901e+08
418.718368635369,1.03901e+08
418.718910078197,1.03902e+08
418.720046521025,1.03902e+08
418.720975963853,1.03903e+08
418.722357849509,1.03903e+08
418.722899292337,1.03904e+08
418.723377735165,1.03904e+08
418.723955177993,1.03905e+08
418.724424620821,1.03905e+08
418.725932506477,1.03906e+08
418.726969949305,1.03906e+08
418.727854392133,1.03907e+08
418.728891834961,1.03908e+08
418.809253419126,1.03908e+08
418.809758872264,1.03909e+08
418.810282325402,1.03909e+08
418.811691231678,1.0391e+08
418.812349684816,1.0391e+08
418.813902591092,1.03911e+08
418.81488604423,1.03911e+08
418.815887497368,1.03912e+08
418.816843950506,1.03912e+08
418.817340403644,1.03913e+08
418.819691040201,1.03913e+08
418.820268493339,1.03914e+08
418.828724530694,1.03914e+08
418.830294308316,1.03915e+08
418.90509889772,1.03916e+08
418.90679736123,1.03916e+08
418.90730282474,1.03917e+08
418.90922828825,1.03917e+08
418.91138921527,1.03918e+08
418.91279814229,1.03918e+08
418.9137006058,1.03919e+08
418.91428706931,1.03919e+08
418.91531553282,1.0392e+08
418.91578499633,1.0392e+08
418.918132254728,1.03921e+08
418.925307320569,1.03921e+08
418.926993784079,1.03922e+08
418.928058247589,1.03923e+08
418.994102290354,1.03923e+08
418.998042680884,1.03924e+08
418.999355601761,1.03924e+08
419.000663070512,1.03925e+08
419.001547544504,1.03925e+08
419.002035018496,1.03926e+08
419.004345440472,1.03926e+08
419.004859914464,1.03927e+08
419.006044189093,1.03927e+08
419.007617652603,1.03928e+08
419.009610600587,1.03928e+08
419.014283718444,1.03929e+08
419.016050313658,1.0393e+08
419.01731278765,1.0393e+08
419.082970688229,1.03931e+08
419.086893957779,1.03931e+08
419.105513123334,1.03932e+08
419.106072607852,1.03932e+08
419.10707409237,1.03933e+08
419.108916751025,1.03933e+08
419.109945235543,1.03934e+08
419.111144720061,1.03934e+08
419.111713204579,1.03935e+08
419.114902658133,1.03935e+08
419.116249955232,1.03936e+08
419.119540788024,1.03936e+08
419.121349569641,1.03937e+08
419.121900054159,1.03938e+08
419.178142541595,1.03938e+08
419.179207026113,1.03939e+08
419.195200847558,1.03939e+08
419.196436332076,1.0394e+08
419.197013816594,1.0394e+08
419.197979301112,1.03941e+08
419.200859138601,1.03941e+08
419.202674633727,1.03942e+08
419.204191623979,1.03942e+08
419.207442568563,1.03943e+08
419.208390063689,1.03943e+08
419.211341957293,1.03944e+08
419.214177805739,1.03945e+08
419.215956654185,1.03945e+08
419.2703026601,1.03946e+08
419.27175711808,1.03946e+08
419.284383956153,1.03947e+08
419.28588223554,1.03947e+08
419.286964720058,1.03948e+08
419.288101215184,1.03948e+08
419.291516057977,1.03949e+08
419.293059048229,1.03949e+08
419.294826543355,1.0395e+08
419.296361533607,1.0395e+08
419.298781028733,1.03951e+08
419.300917386876,1.03951e+08
419.303537253796,1.03952e+08
419.306947854974,1.03953e+08
419.360103326601,1.03953e+08
419.362533238761,1.03954e+08
419.375994457385,1.03954e+08
419.376634963177,1.03955e+08
419.377735468969,1.03955e+08
419.378646974761,1.03956e+08
419.381927477812,1.03956e+08
419.383649972938,1.03957e+08
419.38471447873,1.03957e+08
419.386526984522,1.03958e+08
419.388334490314,1.03958e+08
419.390528821792,1.03959e+08
419.392495688712,1.0396e+08
419.39640269855,1.0396e+08
419.449482053585,1.03961e+08
419.450457571207,1.03961e+08
419.452716606451,1.03961e+08
419.468940016274,1.03962e+08
419.469445533896,1.03962e+08
419.470059051518,1.03963e+08
419.47095256914,1.03963e+08
419.472760122006,1.03964e+08
419.473860639628,1.03964e+08
419.47442015725,1.03965e+08
419.476808710116,1.03965e+08
419.669965873388,1.03966e+08
419.671818230339,1.03966e+08
419.672404772223,1.03966e+08
419.674605855991,1.03967e+08
419.675661397875,1.03968e+08
419.676265939759,1.03968e+08
419.677258481643,1.03969e+08
419.678359023527,1.03969e+08
419.679252565411,1.0397e+08
419.680200107295,1.0397e+08
419.681699874081,1.03971e+08
419.683226588811,1.03971e+08
419.684663303541,1.03972e+08
419.685159845425,1.03972e+08
419.685656387309,1.03973e+08
419.762958578987,1.03973e+08
419.763437133043,1.03974e+08
419.765686875943,1.03975e+08
419.766435429999,1.03975e+08
419.769036646223,1.03976e+08
419.769578200279,1.03976e+08
419.770101754335,1.03977e+08
419.773217491385,1.03977e+08
419.774573045441,1.03978e+08
419.775710782491,1.03978e+08
419.777554519541,1.03979e+08
419.778683256591,1.03979e+08
419.779287810647,1.0398e+08
419.779775364703,1.0398e+08
419.871381388758,1.03981e+08
419.872888359654,1.03981e+08
419.874289119154,1.03982e+08
419.875326685448,1.03983e+08
419.880752041508,1.03983e+08
419.883463398816,1.03984e+08
419.890804955108,1.03984e+08
419.891860521402,1.03985e+08
419.892979087696,1.03985e+08
419.89407965399,1.03986e+08
419.895919220284,1.03986e+08
419.898437546078,1.03987e+08
419.898916112372,1.03987e+08
419.899854678666,1.03988e+08
419.961711861196,1.03988e+08
419.963202620696,1.03989e+08
419.965558196656,1.0399e+08
419.967950775198,1.0399e+08
419.972793146636,1.03991e+08
419.974270117532,1.03991e+08
419.97966445665,1.03992e+08
419.980756022944,1.03992e+08
419.982027589238,1.03993e+08
419.98366416778,1.03993e+08
419.98532928812,1.03994e+08
419.987748613914,1.03994e+08
419.988786186332,1.03995e+08
419.993641414594,1.03995e+08
420.050589375023,1.03996e+08
420.052107134523,1.03996e+08
420.054435710483,1.03997e+08
420.057035289025,1.03998e+08
420.061751660463,1.03998e+08
420.063210631359,1.03999e+08
420.068640970477,1.03999e+08
420.070514833743,1.04e+08
420.072496681607,1.04e+08
420.073534272471,1.04001e+08
420.091133800039,1.04001e+08
420.09213542662,1.04002e+08
420.092803017484,1.04002e+08
420.096157301572,1.04003e+08
420.155767989396,1.04003e+08
420.156309593306,1.04004e+08
420.156860197216,1.04005e+08
420.159604008946,1.04005e+08
420.160199612856,1.04006e+08
420.161264216766,1.04006e+08
420.162745424586,1.04007e+08
420.163215028496,1.04007e+08
420.164297632406,1.04008e+08
420.167628738967,1.04008e+08
420.183311281766,1.04009e+08
420.184366885676,1.04009e+08
420.189130101265,1.0401e+08
420.189779705175,1.0401e+08
420.255377626381,1.04011e+08
420.255919243355,1.04011e+08
420.256903328382,1.04012e+08
420.25842956233,1.04013e+08
420.258926179304,1.04013e+08
420.260026796278,1.04014e+08
420.260532413252,1.04014e+08
420.261020030226,1.04015e+08
420.2676721742,1.04015e+08
420.270316850278,1.04016e+08
420.281773596718,1.04016e+08
420.283218655822,1.04017e+08
420.292231027468,1.04017e+08
420.292736644442,1.04018e+08
420.34577188106,1.04018e+08
420.346737764853,1.04019e+08
420.350658582904,1.0402e+08
420.353892213038,1.0402e+08
420.354397843172,1.04021e+08
420.357443733574,1.04021e+08
420.359807993842,1.04022e+08
420.360439623976,1.04022e+08
420.364450404341,1.04023e+08
420.36956993425,1.04023e+08
420.37344361269,1.04024e+08
420.375836325292,1.04024e+08
420.385769450012,1.04025e+08
420.386248080146,1.04025e+08
420.439018988445,1.04026e+08
420.439551631775,1.04026e+08
420.440952172087,1.04027e+08
420.444714039162,1.04028e+08
420.445318682492,1.04028e+08
420.447924959741,1.04029e+08
420.454460757624,1.04029e+08
420.454948400954,1.0403e+08
420.455481044284,1.0403e+08
420.459767086866,1.04031e+08
420.660558011583,1.04031e+08
420.663610157801,1.04031e+08
420.665497827527,1.04032e+08
420.666607497253,1.04032e+08
420.667627166979,1.04033e+08
420.668646836705,1.04033e+08
420.669197506431,1.04034e+08
420.670190176157,1.04035e+08
420.671299845883,1.04035e+08
420.673421855061,1.04036e+08
420.674435524787,1.04036e+08
420.675139194513,1.04037e+08
420.676781533965,1.04037e+08
420.677251203691,1.04038e+08
420.677990873417,1.04038e+08
420.763212223271,1.04039e+08
420.763771906289,1.04039e+08
420.764782589307,1.0404e+08
420.765829272325,1.0404e+08
420.767301638361,1.04041e+08
420.767789321379,1.04041e+08
420.768277004397,1.04042e+08
420.768755687415,1.04043e+08
420.772416419487,1.04043e+08
420.780637129243,1.04044e+08
420.787243970397,1.04044e+08
420.788291321302,1.04045e+08
420.78930200432,1.04045e+08
420.789825687338,1.04046e+08
420.861405548236,1.04046e+08
420.862817244728,1.04047e+08
420.86331394122,1.04047e+08
420.865009637712,1.04048e+08
420.868633030696,1.04048e+08
420.869634727188,1.04049e+08
420.87074442368,1.0405e+08
420.871277120172,1.0405e+08
420.872377816664,1.04051e+08
420.879575778229,1.04051e+08
420.884950677121,1.04052e+08
420.888483100159,1.04052e+08
420.889565796651,1.04053e+08
420.890071493143,1.04053e+08
420.933739848954,1.04054e+08
420.950756180585,1.04054e+08
420.952191573569,1.04054e+08
420.953869270061,1.04055e+08
420.956234406554,1.04055e+08
420.957813116512,1.04056e+08
420.95892282647,1.04056e+08
420.960262752521,1.04057e+08
420.962321977575,1.04058e+08
420.963562812286,1.04058e+08
420.968480410578,1.04059e+08
420.974325038924,1.04059e+08
420.977441732508,1.0406e+08
420.980169821984,1.0406e+08
420.981604119676,1.04061e+08
421.03960682644,1.04061e+08
421.041648549944,1.04062e+08
421.043147996952,1.04062e+08
421.045603720456,1.04063e+08
421.046681762367,1.04063e+08
421.04852439655,1.04064e+08
421.049720398376,1.04065e+08
421.065690725898,1.04065e+08
421.069161281026,1.04066e+08
421.070634266838,1.04066e+08
421.071166990342,1.04067e+08
421.072303713846,1.04067e+08
421.073753727084,1.04068e+08
421.075937174092,1.04068e+08
421.147782622652,1.04069e+08
421.148342359694,1.04069e+08
421.149398096736,1.0407e+08
421.149867833778,1.0407e+08
421.152529804682,1.04071e+08
421.153179541724,1.04071e+08
421.153865278766,1.04072e+08
421.169325750618,1.04073e+08
421.173333862736,1.04073e+08
421.174263599778,1.04074e+08
421.175735875896,1.04074e+08
421.176205612938,1.04075e+08
421.17671134998,1.04075e+08
421.177650087022,1.04076e+08
421.24237196296,1.04076e+08
421.243373964917,1.04077e+08
421.246636983987,1.04077e+08
421.249147287714,1.04078e+08
421.250077289671,1.04078e+08
421.251512310235,1.04079e+08
421.254838813392,1.0408e+08
421.26550381946,1.0408e+08
421.269554983988,1.04081e+08
421.270874736545,1.04081e+08
421.274464558142,1.04082e+08
421.275484308742,1.04082e+08
421.276603059342,1.04083e+08
421.277180809942,1.04083e+08
421.350647152207,1.04084e+08
421.351287916361,1.04084e+08
421.357105554473,1.04085e+08
421.360251310223,1.04085e+08
421.361361074377,1.04086e+08
421.361974838531,1.04087e+08
421.364207694299,1.04087e+08
421.380698126384,1.04088e+08
421.388635563648,1.04088e+08
421.393747083552,1.04089e+08
421.39506661186,1.04089e+08
421.396158376014,1.0409e+08
421.396673140168,1.0409e+08
421.397683904322,1.04091e+08
421.440745616421,1.04091e+08
421.441721402355,1.04092e+08
421.451571177723,1.04092e+08
421.456041999765,1.04093e+08
421.458029130681,1.04093e+08
421.459030908399,1.04094e+08
421.460539656456,1.04095e+08
421.477545693628,1.04095e+08
421.485841016584,1.04096e+08
421.488562810734,1.04096e+08
421.704256377612,1.04097e+08
421.705405196256,1.04097e+08
421.7071310149,1.04097e+08
421.707627833544,1.04098e+08
421.710757715705,1.04098e+08
421.711461534349,1.04099e+08
421.712943171637,1.04099e+08
421.713998990281,1.041e+08
421.715099808925,1.041e+08
421.716146627569,1.04101e+08
421.716751446213,1.04101e+08
421.717861264857,1.04102e+08
421.718331083501,1.04103e+08
421.719431902145,1.04103e+08
421.721013720789,1.04104e+08
421.808455494479,1.04104e+08
421.809132326787,1.04105e+08
421.810968407785,1.04105e+08
421.813296072401,1.04106e+08
421.814360904709,1.04106e+08
421.815371737017,1.04107e+08
421.815895569325,1.04107e+08
421.816527401633,1.04108e+08
421.818481066249,1.04108e+08
421.819419898557,1.04109e+08
421.820766730865,1.0411e+08
421.828039234127,1.0411e+08
421.834774173087,1.04111e+08
421.836417837703,1.04111e+08
421.913811909697,1.04112e+08
421.917230188287,1.04112e+08
421.922823532311,1.04113e+08
421.923843378317,1.04113e+08
421.924430224323,1.04114e+08
421.925459070329,1.04114e+08
421.926424916335,1.04115e+08
421.928149608347,1.04115e+08
421.928709454353,1.04116e+08
421.936172061681,1.04116e+08
421.937110907687,1.04117e+08
421.938149823003,1.04118e+08
421.944936047529,1.04118e+08
421.947021893535,1.04119e+08
422.003107197418,1.04119e+08
422.006371435539,1.0412e+08
422.011647314174,1.0412e+08
422.013317006186,1.04121e+08
422.01431120486,1.04121e+08
422.016542544204,1.04122e+08
422.017578236216,1.04122e+08
422.019310095688,1.04123e+08
422.01984295516,1.04123e+08
422.025040843544,1.04124e+08
422.02708203775,1.04125e+08
422.030101520182,1.04125e+08
422.034662481592,1.04126e+08
422.035908675398,1.04126e+08
422.092915986014,1.04127e+08
422.111139008948,1.04127e+08
422.112212881862,1.04128e+08
422.113746754776,1.04128e+08
422.11440562769,1.04129e+08
422.117542373518,1.04129e+08
422.118643246432,1.0413e+08
422.121741119346,1.0413e+08
422.12382799226,1.04131e+08
422.125632738088,1.04132e+08
422.126751611002,1.04132e+08
422.127717483916,1.04133e+08
422.128891610206,1.04133e+08
422.13070960941,1.04134e+08
422.190692299074,1.04134e+08
422.234191730296,1.04135e+08
422.235175616664,1.04135e+08
422.237171503032,1.04136e+08
422.2382183894,1.04136e+08
422.239220275768,1.04137e+08
422.239780162136,1.04137e+08
422.24794816852,1.04138e+08
422.248959054888,1.04138e+08
422.250006184562,1.04139e+08
422.252921843666,1.0414e+08
422.253445730034,1.0414e+08
422.262851031434,1.04141e+08
422.263365917802,1.04141e+08
422.309551662086,1.04142e+08
422.362214803628,1.04142e+08
422.363306703494,1.04143e+08
422.36549260336,1.04143e+08
422.366178503226,1.04144e+08
422.367117403092,1.04144e+08
422.368970302958,1.04145e+08
422.375302703185,1.04145e+08
422.386545665157,1.04146e+08
422.387457565023,1.04147e+08
422.389769264621,1.04147e+08
422.391566064353,1.04148e+08
422.393119239493,1.04148e+08
422.395289414633,1.04149e+08
422.468438703949,1.04149e+08
422.549426048215,1.0415e+08
422.550391990866,1.0415e+08
422.55183784439,1.04151e+08
422.552887771152,1.04151e+08
422.556068551438,1.04152e+08
422.5565924782,1.04152e+08
422.5651046717,1.04153e+08
422.572005056984,1.04153e+08
422.572483983746,1.04154e+08
422.575269985046,1.04155e+08
422.575793911808,1.04155e+08
422.580103618856,1.04156e+08
422.583230842966,1.04156e+08
422.604603897958,1.04157e+08
422.682928679319,1.04157e+08
422.683497618527,1.04158e+08
422.684598557735,1.04158e+08
422.685104496943,1.04159e+08
422.688696192983,1.04159e+08
422.689247132191,1.0416e+08
422.695017036555,1.0416e+08
422.714205124904,1.04161e+08
422.716359611974,1.04162e+08
422.74526264184,1.04162e+08
422.808419901163,1.04162e+08
422.927194203684,1.04162e+08
422.927745180378,1.04162e+08
422.928895151353,1.04163e+08
422.930035128047,1.04163e+08
422.930532104741,1.04164e+08
422.931960058129,1.04164e+08
422.933675011517,1.04165e+08
422.934198988211,1.04165e+08
422.934677964905,1.04166e+08
422.935318941599,1.04166e+08
422.937330894987,1.04167e+08
422.938332871681,1.04167e+08
422.939442848375,1.04168e+08
422.940525825069,1.04168e+08
422.942295801763,1.04169e+08
423.035283519555,1.0417e+08
423.037186508799,1.0417e+08
423.038224498043,1.04171e+08
423.038694487287,1.04171e+08
423.039236476531,1.04172e+08
423.039706465775,1.04172e+08
423.042309422751,1.04173e+08
423.048790316359,1.04173e+08
423.050469294847,1.04174e+08
423.051137284091,1.04174e+08
423.059265261969,1.04175e+08
423.06280287749,1.04175e+08
423.063452866734,1.04176e+08
423.06632803243,1.04177e+08
423.127871307227,1.04177e+08
423.129731310887,1.04178e+08
423.131168677259,1.04178e+08
423.132179679089,1.04179e+08
423.134052479716,1.04179e+08
423.13850421063,1.0418e+08
423.144219672458,1.0418e+08
423.146596676118,1.04181e+08
423.147688677948,1.04181e+08
423.149252679778,1.04182e+08
423.153852874881,1.04182e+08
423.158695637559,1.04183e+08
423.159769639389,1.04183e+08
423.161954005761,1.04184e+08
423.22067165105,1.04185e+08
423.230892790714,1.04185e+08
423.23324919608,1.04186e+08
423.235562657272,1.04186e+08
423.252799553944,1.04187e+08
423.253756568406,1.04187e+08
423.259705350214,1.04188e+08
423.261330379138,1.04188e+08
423.2624043936,1.04189e+08
423.266421175408,1.04189e+08
423.26755818987,1.0419e+08
423.273196609698,1.0419e+08
423.274262056428,1.04191e+08
423.285494605505,1.04192e+08
423.348648322998,1.04192e+08
423.357921162482,1.04193e+08
423.35893218957,1.04193e+08
423.360123216658,1.04194e+08
423.372161866753,1.04194e+08
423.373545714838,1.04195e+08
423.378286935048,1.04195e+08
423.378963962136,1.04196e+08
423.379460989224,1.04196e+08
423.383833891485,1.04197e+08
423.385264350892,1.04197e+08
423.39306759819,1.04198e+08
423.397572473363,1.04198e+08
423.416366248403,1.04199e+08
423.466044366167,1.042e+08
423.470715579681,1.042e+08
423.471293619377,1.04201e+08
423.472677959863,1.04201e+08
423.479469917063,1.04202e+08
423.484283270439,1.04202e+08
423.494138993351,1.04203e+08
423.494789033047,1.04203e+08
423.496162112439,1.04204e+08
423.498943592787,1.04204e+08
423.502151102496,1.04205e+08
423.505567050767,1.04205e+08
423.510337152248,1.04206e+08
423.523455296278,1.04207e+08
423.564692053872,1.04207e+08
423.565685104942,1.04208e+08
423.566200156012,1.04208e+08
423.571752450069,1.04209e+08
423.581387689274,1.04209e+08
423.591437464057,1.0421e+08
423.59743023884,1.0421e+08
423.600824128316,1.04211e+08
423.601916190832,1.04211e+08
423.604109678946,1.04212e+08
423.605240741462,1.04212e+08
423.607766866494,1.04213e+08
423.614674542156,1.04213e+08
423.625804400556,1.04214e+08
423.664130265368,1.04215e+08
423.666065989972,1.04215e+08
423.668908210093,1.04216e+08
423.66995570596,1.04216e+08
423.678999116937,1.04217e+08
423.682485100918,1.04217e+08
423.688016075953,1.04218e+08
423.690052119956,1.04218e+08
423.691000182472,1.04219e+08
423.699055114154,1.04219e+08
423.700565182416,1.0422e+08
423.701594256424,1.0422e+08
423.70961306257,1.04221e+08
423.71819540336,1.04222e+08
423.762360442591,1.04222e+08
423.765046849795,1.04223e+08
423.767024923803,1.04223e+08
423.767512997811,1.04224e+08
423.80032902699,1.04224e+08
423.801923442906,1.04225e+08
423.802862528436,1.04225e+08
423.804685699496,1.04226e+08
423.805227785026,1.04226e+08
423.806324870556,1.04227e+08
424.017424291293,1.04227e+08
424.018119399995,1.04227e+08
424.020945617399,1.04228e+08
424.021622726101,1.04228e+08
424.022128834803,1.04229e+08
424.038503025477,1.0423e+08
424.039679134179,1.0423e+08
424.041953351583,1.04231e+08
424.042982460285,1.04231e+08
424.044038568987,1.04232e+08
424.044634677689,1.04232e+08
424.046071895093,1.04233e+08
424.048319112497,1.04233e+08
424.048789221199,1.04234e+08
424.049746329901,1.04234e+08
424.179862795367,1.04235e+08
424.180332915683,1.04235e+08
424.180884035999,1.04236e+08
424.181381156315,1.04237e+08
424.196127859539,1.04237e+08
424.197925100171,1.04238e+08
424.199044220487,1.04238e+08
424.200545755471,1.04239e+08
424.203291520897,1.04239e+08
424.204078651123,1.0424e+08
424.205008781349,1.0424e+08
424.206625911575,1.04241e+08
424.207132041801,1.04241e+08
424.208080610505,1.04242e+08
424.309464404727,1.04242e+08
424.310981046707,1.04243e+08
424.311586186801,1.04243e+08
424.31268776718,1.04244e+08
424.322251959002,1.04245e+08
424.32426423919,1.04245e+08
424.325313143822,1.04246e+08
424.326714864295,1.04246e+08
424.355978383257,1.04247e+08
424.408812651105,1.04247e+08
424.409627481917,1.04248e+08
424.411118782041,1.04248e+08
424.411759932103,1.04249e+08
424.418526673203,1.04249e+08
424.487227419416,1.0425e+08
424.490798784628,1.0425e+08
424.492218467234,1.04251e+08
424.494788741892,1.04252e+08
424.497771166612,1.04252e+08
424.499414466736,1.04253e+08
424.502679368738,1.04253e+08
424.503710075068,1.04254e+08
424.517508090503,1.04254e+08
424.552171445506,1.04255e+08
424.55274960554,1.04255e+08
424.555384768574,1.04256e+08
424.555908928608,1.04256e+08
424.561071480181,1.04257e+08
424.604122953847,1.04257e+08
424.605542739511,1.04258e+08
424.610818469707,1.04258e+08
424.614108809927,1.04259e+08
424.614578980037,1.0426e+08
424.618167610539,1.0426e+08
424.622601780649,1.04261e+08
424.624101510845,1.04261e+08
424.639018435591,1.04262e+08
424.745219765466,1.04262e+08
424.747973773059,1.04263e+08
424.749644133495,1.04263e+08
424.750303313713,1.04264e+08
424.757072645247,1.04264e+08
424.828641502407,1.04265e+08
424.829282692777,1.04265e+08
424.83074652252,1.04266e+08
424.83348349111,1.04267e+08
424.83406168148,1.04267e+08
424.836564511223,1.04268e+08
424.843472624103,1.04268e+08
424.843969814473,1.04269e+08
424.847738033173,1.04269e+08
424.92741272359,1.0427e+08
424.930764726898,1.0427e+08
424.931252927484,1.04271e+08
424.93179512807,1.04271e+08
424.940781371783,1.04272e+08
424.984250925186,1.04272e+08
424.984775125772,1.04273e+08
424.991524984763,1.04273e+08
424.992220185349,1.04274e+08
424.993731385935,1.04275e+08
424.998823790415,1.04275e+08
424.999329991001,1.04276e+08
425.005682351009,1.04276e+08
425.006170561879,1.04277e+08
425.080470812808,1.04277e+08
425.08387825657,1.04278e+08
425.08478146744,1.04278e+08
425.08681388918,1.04279e+08
425.089487380028,1.04279e+08
425.104230986871,1.0428e+08
425.105278208079,1.0428e+08
425.107402735733,1.04281e+08
425.109604808893,1.04282e+08
425.110165030101,1.04282e+08
425.111194251309,1.04283e+08
425.112660472517,1.04283e+08
425.116810194525,1.04284e+08
425.117343415733,1.04284e+08
425.252787183506,1.04285e+08
425.253284415306,1.04285e+08
425.255477878906,1.04286e+08
425.255993110706,1.04286e+08
425.256472342506,1.04287e+08
425.257041574306,1.04287e+08
425.260914501506,1.04288e+08
425.261808733306,1.04289e+08
425.264547196906,1.04289e+08
425.266074660506,1.0429e+08
425.267049892306,1.0429e+08
425.270306534092,1.04291e+08
425.272955461292,1.04291e+08
425.279532273812,1.04292e+08
425.353902498321,1.04292e+08
425.490700416019,1.04293e+08
425.544329109718,1.04293e+08
425.544826374012,1.04293e+08
425.545296638306,1.04293e+08
425.5459849026,1.04294e+08
425.546626166894,1.04294e+08
425.547874431188,1.04295e+08
425.548840695482,1.04295e+08
425.554949809834,1.04296e+08
425.562455338422,1.04297e+08
425.56474186701,1.04297e+08
425.566235131304,1.04298e+08
425.566732395598,1.04298e+08
425.567851659892,1.04299e+08
425.568790924186,1.04299e+08
425.574540981362,1.043e+08
425.67971152645,1.043e+08
425.68113150497,1.04301e+08
425.68225978016,1.04301e+08
425.692538343683,1.04302e+08
425.693477618873,1.04302e+08
425.693974894063,1.04303e+08
425.694535169253,1.04303e+08
425.695510444443,1.04304e+08
425.696629719633,1.04305e+08
425.699447270013,1.04305e+08
425.699962545203,1.04306e+08
425.701880403737,1.04306e+08
425.705497548449,1.04307e+08
425.706030834627,1.04307e+08
425.839746639931,1.04308e+08
425.840676937081,1.04308e+08
425.842082757233,1.04309e+08
425.842625054383,1.04309e+08
425.844071648683,1.0431e+08
425.844658945833,1.0431e+08
425.846150540133,1.04311e+08
425.847197837283,1.04312e+08
425.848227134433,1.04312e+08
425.848832431583,1.04313e+08
425.849329728733,1.04313e+08
425.886653869035,1.04314e+08
425.888362166185,1.04314e+08
425.889355463335,1.04315e+08
425.929681939234,1.04315e+08
425.937574555666,1.04316e+08
425.939525863882,1.04316e+08
425.941493480314,1.04317e+08
425.94295078853,1.04317e+08
425.943610096746,1.04318e+08
425.947544021394,1.04318e+08
425.949998637826,1.04319e+08
425.951045946042,1.0432e+08
425.954256338636,1.0432e+08
425.955385114798,1.04321e+08
425.981928858274,1.04321e+08
425.984810153278,1.04322e+08
425.989058461494,1.04322e+08
426.019168182109,1.04323e+08
426.028161798541,1.04323e+08
426.030748734259,1.04324e+08
426.033683647837,1.04324e+08
426.035212967123,1.04325e+08
426.037581605695,1.04325e+08
426.039199244267,1.04326e+08
426.040682497133,1.04327e+08
426.051963324087,1.04327e+08
426.118763535339,1.04328e+08
426.119233865781,1.04328e+08
426.119731196223,1.04329e+08
426.121958517991,1.04329e+08
426.122969848433,1.0433e+08
426.141316432303,1.0433e+08
426.142521539323,1.04331e+08
426.143018869765,1.04331e+08
426.145213002232,1.04332e+08
426.146233332674,1.04332e+08
426.148174993558,1.04333e+08
426.151733374186,1.04334e+08
426.153080704628,1.04334e+08
426.170014348796,1.04335e+08
426.232354375432,1.04335e+08
426.237103296488,1.04336e+08
426.23862363812,1.04336e+08
426.239093979752,1.04337e+08
426.26693930232,1.04337e+08
426.272300808784,1.04338e+08
426.273863492048,1.04338e+08
426.279806604769,1.04339e+08
426.284067914443,1.04339e+08
426.285795256075,1.0434e+08
426.287206388915,1.0434e+08
426.288662545596,1.04341e+08
426.29068522886,1.04342e+08
426.298407454662,1.04342e+08
426.343710706886,1.04343e+08
426.354492278114,1.04343e+08
426.355494630928,1.04344e+08
426.356596228495,1.04344e+08
426.36335797542,1.04345e+08
426.372003020705,1.04345e+08
426.388225338045,1.04346e+08
426.403629417588,1.04346e+08
426.405119978688,1.04347e+08
426.406566539788,1.04347e+08
426.433016278108,1.04348e+08
426.435543006252,1.04349e+08
426.436545370324,1.04349e+08
426.444429874132,1.0435e+08
426.501813967442,1.0435e+08
426.506622249078,1.04351e+08
426.50712862453,1.04351e+08
426.534755221146,1.04352e+08
426.54342901799,1.04352e+08
426.544503393442,1.04353e+08
426.55168597959,1.04353e+08
426.554362400982,1.04354e+08
426.556441983648,1.04354e+08
426.5569753591,1.04355e+08
426.559645945248,1.04355e+08
426.562899903366,1.04356e+08
426.56491665427,1.04357e+08
426.566952236936,1.04357e+08
426.614953119022,1.04358e+08
426.867893370663,1.04358e+08
426.870702782753,1.04358e+08
426.872399194843,1.04359e+08
426.879320019023,1.04359e+08
426.880918843203,1.0436e+08
426.882038255293,1.0436e+08
426.883121667383,1.04361e+08
426.891625491563,1.04361e+08
426.892106491563,1.04362e+08
426.893144903653,1.04362e+08
426.893786315743,1.04363e+08
426.895694552013,1.04363e+08
426.897159376193,1.04364e+08
426.897818788283,1.04365e+08
426.898298200373,1.04365e+08
426.949689597283,1.04366e+08
426.991934042501,1.04366e+08
426.992485466855,1.04366e+08
426.997595739917,1.04367e+08
426.998808164271,1.04367e+08
427.003161031444,1.04368e+08
427.005385468108,1.04368e+08
427.005891904772,1.04369e+08
427.006605341436,1.04369e+08
427.0080787781,1.0437e+08
427.009288214764,1.0437e+08
427.010717560392,1.04371e+08
427.011187997056,1.04372e+08
427.013826105036,1.04372e+08
427.039781636692,1.04373e+08
427.17463087537,1.04373e+08
427.179678873482,1.04374e+08
427.180266322478,1.04374e+08
427.183195143034,1.04375e+08
427.187659625289,1.04375e+08
427.192988071279,1.04376e+08
427.193584520275,1.04376e+08
427.197214671605,1.04377e+08
427.201570954694,1.04377e+08
427.202113416252,1.04378e+08
427.20394981628,1.04379e+08
427.204429277838,1.04379e+08
427.205557993746,1.0438e+08
427.227192755908,1.0438e+08
427.271366029319,1.04381e+08
427.272144490877,1.04381e+08
427.274069682677,1.04382e+08
427.279191005821,1.04382e+08
427.280328467379,1.04383e+08
427.294696384428,1.04383e+08
427.298679307544,1.04384e+08
427.299149769102,1.04384e+08
427.30017023066,1.04385e+08
427.300829705884,1.04385e+08
427.306796694379,1.04386e+08
427.307874169603,1.04387e+08
427.309880120051,1.04387e+08
427.354060632959,1.04388e+08
427.388730221979,1.04388e+08
427.390529697203,1.04389e+08
427.391027172427,1.04389e+08
427.414527172832,1.0439e+08
427.415159661768,1.0439e+08
427.417678150704,1.04391e+08
427.420442617512,1.04391e+08
427.422077595384,1.04392e+08
427.42382208432,1.04392e+08
427.425473573256,1.04393e+08
427.425998062192,1.04394e+08
427.435044474836,1.04394e+08
427.435658963772,1.04395e+08
427.506342249289,1.04396e+08
427.506929751943,1.04396e+08
427.508293493439,1.04397e+08
427.569654762969,1.04397e+08
427.570251265623,1.04398e+08
427.576931738961,1.04398e+08
427.578620744269,1.04399e+08
427.579181246923,1.04399e+08
427.580646252231,1.044e+08
427.582272257539,1.044e+08
427.584700262847,1.04401e+08
427.590518757767,1.04402e+08
427.592272260421,1.04402e+08
428.530091167772,1.04395e+08
428.62107638797,1.04403e+08
428.62369670041,1.04403e+08
428.65505366907,1.04404e+08
428.66014132529,1.04405e+08
428.66195798151,1.04405e+08
428.66253663773,1.04406e+08
428.713869956299,1.04406e+08
428.714872639023,1.04407e+08
428.752076230315,1.04404e+08
428.754049571719,1.04407e+08
428.797063337767,1.04408e+08
428.808188462787,1.04408e+08
428.822596858799,1.04408e+08
428.841903508169,1.04409e+08
428.876908528093,1.04409e+08
428.902988923289,1.0441e+08
428.913440480603,1.0441e+08
428.932277129973,1.04411e+08
428.969936266593,1.04411e+08
428.992546552419,1.04412e+08
428.993089252425,1.04413e+08
429.003298531375,1.04413e+08
429.030041766417,1.04414e+08
429.060496903037,1.04414e+08
429.094166022942,1.04415e+08
429.095186737576,1.04415e+08
429.099919376816,1.04416e+08
429.102531828062,1.04416e+08
429.119644417501,1.04417e+08
429.150009554121,1.04417e+08
429.186579103294,1.04418e+08
429.209841432154,1.04418e+08
429.264060520542,1.04419e+08
429.269974008326,1.0442e+08
429.270507752218,1.0442e+08
429.274561240002,1.04421e+08
429.293215959462,1.04421e+08
429.337951476707,1.04422e+08
429.347465675765,1.04422e+08
429.386401936205,1.04423e+08
429.389544453273,1.04423e+08
429.580890340528,1.04424e+08
429.58157712833,1.04424e+08
429.583955703934,1.04424e+08
429.58759806734,1.04425e+08
429.589809855142,1.04425e+08
429.598980430746,1.04426e+08
429.599469218548,1.04426e+08
429.602100028283,1.04427e+08
429.603447830707,1.04427e+08
429.683965568259,1.04428e+08
429.695540218411,1.04428e+08
429.71303402801,1.04429e+08
429.713756845068,1.04429e+08
429.715943662126,1.0443e+08
429.716919479184,1.0443e+08
429.718305296242,1.04431e+08
429.7189381133,1.04432e+08
429.720492747416,1.04432e+08
429.799222957134,1.04433e+08
429.80325662799,1.04433e+08
429.803952459744,1.04434e+08
429.80851278676,1.04434e+08
429.823314500946,1.04435e+08
429.8244013327,1.04435e+08
429.826544827962,1.04436e+08
429.863606407758,1.04437e+08
429.878513734774,1.04437e+08
432.930751483841,1.04436e+08
433.038133707167,1.04439e+08
